source1_entity_id	matched_entity_ids
S1_TRAIN_000001	
S1_TRAIN_000002	S3_TRAIN_000001
S1_TRAIN_000003	S2_TRAIN_000001
S1_TRAIN_000004	S2_TRAIN_000002,S2_TRAIN_000003,S3_TRAIN_000002
S1_TRAIN_000005	S3_TRAIN_000003
S1_TRAIN_000006	S2_TRAIN_000004,S2_TRAIN_000005,S3_TRAIN_000004
S1_TRAIN_000007	S2_TRAIN_000006,S3_TRAIN_000005
S1_TRAIN_000008	S3_TRAIN_000006
S1_TRAIN_000009	S3_TRAIN_000007
S1_TRAIN_000010	S2_TRAIN_000007
S1_TRAIN_000011	S2_TRAIN_000008
S1_TRAIN_000012	S3_TRAIN_000008
S1_TRAIN_000013	
S1_TRAIN_000014	
S1_TRAIN_000015	S3_TRAIN_000009
S1_TRAIN_000016	S2_TRAIN_000009,S3_TRAIN_000010
S1_TRAIN_000017	
S1_TRAIN_000018	S2_TRAIN_000010,S3_TRAIN_000011
S1_TRAIN_000019	S3_TRAIN_000012
S1_TRAIN_000020	
S1_TRAIN_000021	S2_TRAIN_000011,S3_TRAIN_000013
S1_TRAIN_000022	S2_TRAIN_000012
S1_TRAIN_000023	
S1_TRAIN_000024	S2_TRAIN_000013,S3_TRAIN_000014
S1_TRAIN_000025	S3_TRAIN_000015
S1_TRAIN_000026	S2_TRAIN_000014
S1_TRAIN_000027	
S1_TRAIN_000028	S2_TRAIN_000015,S3_TRAIN_000016
S1_TRAIN_000029	S2_TRAIN_000016,S3_TRAIN_000017
S1_TRAIN_000030	
S1_TRAIN_000031	S2_TRAIN_000017,S3_TRAIN_000018
S1_TRAIN_000032	S3_TRAIN_000019
S1_TRAIN_000033	
S1_TRAIN_000034	S2_TRAIN_000018,S3_TRAIN_000020
S1_TRAIN_000035	S3_TRAIN_000021
S1_TRAIN_000036	S2_TRAIN_000019,S3_TRAIN_000022
S1_TRAIN_000037	S3_TRAIN_000023
S1_TRAIN_000038	
S1_TRAIN_000039	S2_TRAIN_000020,S3_TRAIN_000024
S1_TRAIN_000040	S2_TRAIN_000021
S1_TRAIN_000041	S2_TRAIN_000022
S1_TRAIN_000042	S3_TRAIN_000025
S1_TRAIN_000043	S2_TRAIN_000023,S3_TRAIN_000026
S1_TRAIN_000044	S2_TRAIN_000024
S1_TRAIN_000045	S2_TRAIN_000025
S1_TRAIN_000046	
S1_TRAIN_000047	S2_TRAIN_000026,S3_TRAIN_000027
S1_TRAIN_000048	S2_TRAIN_000027,S3_TRAIN_000028
S1_TRAIN_000049	
S1_TRAIN_000050	S2_TRAIN_000028
S1_TRAIN_000051	
S1_TRAIN_000052	S2_TRAIN_000029
S1_TRAIN_000053	S2_TRAIN_000030,S3_TRAIN_000029
S1_TRAIN_000054	S3_TRAIN_000030
S1_TRAIN_000055	S2_TRAIN_000031,S3_TRAIN_000031
S1_TRAIN_000056	S2_TRAIN_000032
S1_TRAIN_000057	
S1_TRAIN_000058	S3_TRAIN_000032
S1_TRAIN_000059	S2_TRAIN_000033,S2_TRAIN_000034,S3_TRAIN_000033
S1_TRAIN_000060	S2_TRAIN_000035,S3_TRAIN_000034
S1_TRAIN_000061	S2_TRAIN_000036,S3_TRAIN_000035
S1_TRAIN_000062	S2_TRAIN_000037,S3_TRAIN_000036
S1_TRAIN_000063	S2_TRAIN_000038,S2_TRAIN_000039,S3_TRAIN_000037
S1_TRAIN_000064	S3_TRAIN_000038
S1_TRAIN_000065	S2_TRAIN_000040
S1_TRAIN_000066	S2_TRAIN_000041,S2_TRAIN_000042,S3_TRAIN_000039
S1_TRAIN_000067	S2_TRAIN_000043
S1_TRAIN_000068	S2_TRAIN_000044,S3_TRAIN_000040
S1_TRAIN_000069	
S1_TRAIN_000070	S2_TRAIN_000045,S3_TRAIN_000041
S1_TRAIN_000071	S2_TRAIN_000046
S1_TRAIN_000072	S2_TRAIN_000047
S1_TRAIN_000073	S3_TRAIN_000042
S1_TRAIN_000074	S2_TRAIN_000048,S3_TRAIN_000043
S1_TRAIN_000075	S2_TRAIN_000049,S3_TRAIN_000044
S1_TRAIN_000076	S3_TRAIN_000045
S1_TRAIN_000077	
S1_TRAIN_000078	S2_TRAIN_000050,S2_TRAIN_000051,S3_TRAIN_000046
S1_TRAIN_000079	S3_TRAIN_000047
S1_TRAIN_000080	S2_TRAIN_000052,S2_TRAIN_000053,S3_TRAIN_000048
S1_TRAIN_000081	S2_TRAIN_000054,S2_TRAIN_000055,S3_TRAIN_000049
S1_TRAIN_000082	S3_TRAIN_000050
S1_TRAIN_000083	S2_TRAIN_000056,S3_TRAIN_000051
S1_TRAIN_000084	S3_TRAIN_000052
S1_TRAIN_000085	
S1_TRAIN_000086	S2_TRAIN_000057
S1_TRAIN_000087	
S1_TRAIN_000088	S3_TRAIN_000053
S1_TRAIN_000089	S3_TRAIN_000054
S1_TRAIN_000090	S2_TRAIN_000058,S3_TRAIN_000055
S1_TRAIN_000091	S2_TRAIN_000059
S1_TRAIN_000092	S3_TRAIN_000056
S1_TRAIN_000093	
S1_TRAIN_000094	S2_TRAIN_000060
S1_TRAIN_000095	S3_TRAIN_000057
S1_TRAIN_000096	
S1_TRAIN_000097	
S1_TRAIN_000098	
S1_TRAIN_000099	S2_TRAIN_000061,S3_TRAIN_000058
S1_TRAIN_000100	S2_TRAIN_000062
S1_TRAIN_000101	S2_TRAIN_000063
S1_TRAIN_000102	S3_TRAIN_000059
S1_TRAIN_000103	
S1_TRAIN_000104	S2_TRAIN_000064
S1_TRAIN_000105	S2_TRAIN_000065,S3_TRAIN_000060
S1_TRAIN_000106	S3_TRAIN_000061
S1_TRAIN_000107	S2_TRAIN_000066,S3_TRAIN_000062
S1_TRAIN_000108	S2_TRAIN_000067
S1_TRAIN_000109	
S1_TRAIN_000110	
S1_TRAIN_000111	S3_TRAIN_000063
S1_TRAIN_000112	S2_TRAIN_000068,S2_TRAIN_000069,S3_TRAIN_000064
S1_TRAIN_000113	
S1_TRAIN_000114	
S1_TRAIN_000115	S2_TRAIN_000070,S3_TRAIN_000065
S1_TRAIN_000116	S2_TRAIN_000071,S3_TRAIN_000066
S1_TRAIN_000117	S2_TRAIN_000072,S2_TRAIN_000073,S3_TRAIN_000067
S1_TRAIN_000118	S2_TRAIN_000074
S1_TRAIN_000119	S3_TRAIN_000068
S1_TRAIN_000120	S2_TRAIN_000075
S1_TRAIN_000121	S2_TRAIN_000076
S1_TRAIN_000122	S2_TRAIN_000077,S3_TRAIN_000069
S1_TRAIN_000123	S2_TRAIN_000078
S1_TRAIN_000124	S3_TRAIN_000070
S1_TRAIN_000125	S2_TRAIN_000079
S1_TRAIN_000126	S2_TRAIN_000080
S1_TRAIN_000127	
S1_TRAIN_000128	
S1_TRAIN_000129	S2_TRAIN_000081,S2_TRAIN_000082,S3_TRAIN_000071
S1_TRAIN_000130	S3_TRAIN_000072
S1_TRAIN_000131	S2_TRAIN_000083,S2_TRAIN_000084,S3_TRAIN_000073
S1_TRAIN_000132	S3_TRAIN_000074
S1_TRAIN_000133	S3_TRAIN_000075
S1_TRAIN_000134	S3_TRAIN_000076
S1_TRAIN_000135	
S1_TRAIN_000136	S2_TRAIN_000085,S3_TRAIN_000077
S1_TRAIN_000137	
S1_TRAIN_000138	
S1_TRAIN_000139	
S1_TRAIN_000140	
S1_TRAIN_000141	
S1_TRAIN_000142	S2_TRAIN_000086
S1_TRAIN_000143	S2_TRAIN_000087,S2_TRAIN_000088,S3_TRAIN_000078
S1_TRAIN_000144	S3_TRAIN_000079
S1_TRAIN_000145	S3_TRAIN_000080
S1_TRAIN_000146	S2_TRAIN_000089,S3_TRAIN_000081
S1_TRAIN_000147	S3_TRAIN_000082
S1_TRAIN_000148	
S1_TRAIN_000149	S3_TRAIN_000083
S1_TRAIN_000150	S2_TRAIN_000090,S3_TRAIN_000084
S1_TRAIN_000151	
S1_TRAIN_000152	
S1_TRAIN_000153	S3_TRAIN_000085
S1_TRAIN_000154	S2_TRAIN_000091,S2_TRAIN_000092,S3_TRAIN_000086
S1_TRAIN_000155	S3_TRAIN_000087
S1_TRAIN_000156	S2_TRAIN_000093,S3_TRAIN_000088
S1_TRAIN_000157	
S1_TRAIN_000158	S2_TRAIN_000094
S1_TRAIN_000159	
S1_TRAIN_000160	S2_TRAIN_000095
S1_TRAIN_000161	S2_TRAIN_000096,S3_TRAIN_000089
S1_TRAIN_000162	
S1_TRAIN_000163	S3_TRAIN_000090
S1_TRAIN_000164	S2_TRAIN_000097
S1_TRAIN_000165	S3_TRAIN_000091
S1_TRAIN_000166	S2_TRAIN_000098,S3_TRAIN_000092
S1_TRAIN_000167	S2_TRAIN_000099,S3_TRAIN_000093
S1_TRAIN_000168	S3_TRAIN_000094
S1_TRAIN_000169	S2_TRAIN_000100,S3_TRAIN_000095
S1_TRAIN_000170	
S1_TRAIN_000171	
S1_TRAIN_000172	S2_TRAIN_000101
S1_TRAIN_000173	S2_TRAIN_000102
S1_TRAIN_000174	S2_TRAIN_000103,S3_TRAIN_000096
S1_TRAIN_000175	S3_TRAIN_000097
S1_TRAIN_000176	S2_TRAIN_000104,S3_TRAIN_000098
S1_TRAIN_000177	
S1_TRAIN_000178	S2_TRAIN_000105,S3_TRAIN_000099
S1_TRAIN_000179	S2_TRAIN_000106,S3_TRAIN_000100
S1_TRAIN_000180	
S1_TRAIN_000181	S2_TRAIN_000107,S2_TRAIN_000108,S3_TRAIN_000101
S1_TRAIN_000182	S3_TRAIN_000102
S1_TRAIN_000183	S2_TRAIN_000109,S3_TRAIN_000103
S1_TRAIN_000184	S2_TRAIN_000110,S3_TRAIN_000104
S1_TRAIN_000185	
S1_TRAIN_000186	
S1_TRAIN_000187	
S1_TRAIN_000188	
S1_TRAIN_000189	S3_TRAIN_000105
S1_TRAIN_000190	S2_TRAIN_000111,S3_TRAIN_000106
S1_TRAIN_000191	S3_TRAIN_000107
S1_TRAIN_000192	
S1_TRAIN_000193	S2_TRAIN_000112,S3_TRAIN_000108
S1_TRAIN_000194	S2_TRAIN_000113
S1_TRAIN_000195	S3_TRAIN_000109
S1_TRAIN_000196	
S1_TRAIN_000197	S3_TRAIN_000110
S1_TRAIN_000198	
S1_TRAIN_000199	
S1_TRAIN_000200	S2_TRAIN_000114
S1_TRAIN_000201	S3_TRAIN_000111
S1_TRAIN_000202	S3_TRAIN_000112
S1_TRAIN_000203	S3_TRAIN_000113
S1_TRAIN_000204	S2_TRAIN_000115,S3_TRAIN_000114
S1_TRAIN_000205	S2_TRAIN_000116,S3_TRAIN_000115
S1_TRAIN_000206	S2_TRAIN_000117
S1_TRAIN_000207	S2_TRAIN_000118,S3_TRAIN_000116
S1_TRAIN_000208	S2_TRAIN_000119,S3_TRAIN_000117
S1_TRAIN_000209	S3_TRAIN_000118
S1_TRAIN_000210	S3_TRAIN_000119
S1_TRAIN_000211	S2_TRAIN_000120,S3_TRAIN_000120
S1_TRAIN_000212	S2_TRAIN_000121,S3_TRAIN_000121
S1_TRAIN_000213	S2_TRAIN_000122
S1_TRAIN_000214	S2_TRAIN_000123,S3_TRAIN_000122
S1_TRAIN_000215	S2_TRAIN_000124
S1_TRAIN_000216	S2_TRAIN_000125,S2_TRAIN_000126,S3_TRAIN_000123
S1_TRAIN_000217	S2_TRAIN_000127,S3_TRAIN_000124
S1_TRAIN_000218	S2_TRAIN_000128
S1_TRAIN_000219	S2_TRAIN_000129
S1_TRAIN_000220	S2_TRAIN_000130,S3_TRAIN_000125
S1_TRAIN_000221	S2_TRAIN_000131,S3_TRAIN_000126
S1_TRAIN_000222	S3_TRAIN_000127
S1_TRAIN_000223	S2_TRAIN_000132,S2_TRAIN_000133,S3_TRAIN_000128
S1_TRAIN_000224	S3_TRAIN_000129
S1_TRAIN_000225	S2_TRAIN_000134
S1_TRAIN_000226	S2_TRAIN_000135,S3_TRAIN_000130
S1_TRAIN_000227	S3_TRAIN_000131
S1_TRAIN_000228	S2_TRAIN_000136,S3_TRAIN_000132
S1_TRAIN_000229	S2_TRAIN_000137
S1_TRAIN_000230	
S1_TRAIN_000231	S2_TRAIN_000138
S1_TRAIN_000232	S3_TRAIN_000133
S1_TRAIN_000233	S2_TRAIN_000139,S2_TRAIN_000140,S3_TRAIN_000134
S1_TRAIN_000234	S2_TRAIN_000141
S1_TRAIN_000235	S2_TRAIN_000142,S2_TRAIN_000143,S3_TRAIN_000135
S1_TRAIN_000236	S2_TRAIN_000144,S3_TRAIN_000136
S1_TRAIN_000237	S2_TRAIN_000145,S3_TRAIN_000137
S1_TRAIN_000238	S2_TRAIN_000146,S2_TRAIN_000147,S3_TRAIN_000138
S1_TRAIN_000239	S3_TRAIN_000139
S1_TRAIN_000240	
S1_TRAIN_000241	S2_TRAIN_000148,S3_TRAIN_000140
S1_TRAIN_000242	
S1_TRAIN_000243	S3_TRAIN_000141
S1_TRAIN_000244	S2_TRAIN_000149
S1_TRAIN_000245	
S1_TRAIN_000246	S2_TRAIN_000150,S2_TRAIN_000151,S3_TRAIN_000142
S1_TRAIN_000247	S2_TRAIN_000152,S3_TRAIN_000143
S1_TRAIN_000248	
S1_TRAIN_000249	S2_TRAIN_000153
S1_TRAIN_000250	S2_TRAIN_000154
S1_TRAIN_000251	S2_TRAIN_000155
S1_TRAIN_000252	S3_TRAIN_000144
S1_TRAIN_000253	S2_TRAIN_000156,S2_TRAIN_000157,S3_TRAIN_000145
S1_TRAIN_000254	
S1_TRAIN_000255	
S1_TRAIN_000256	S3_TRAIN_000146
S1_TRAIN_000257	S2_TRAIN_000158
S1_TRAIN_000258	S2_TRAIN_000159
S1_TRAIN_000259	S3_TRAIN_000147
S1_TRAIN_000260	S3_TRAIN_000148
S1_TRAIN_000261	S2_TRAIN_000160
S1_TRAIN_000262	S3_TRAIN_000149
S1_TRAIN_000263	
S1_TRAIN_000264	S2_TRAIN_000161,S3_TRAIN_000150
S1_TRAIN_000265	S3_TRAIN_000151
S1_TRAIN_000266	S2_TRAIN_000162,S3_TRAIN_000152
S1_TRAIN_000267	S3_TRAIN_000153
S1_TRAIN_000268	S2_TRAIN_000163
S1_TRAIN_000269	S2_TRAIN_000164,S3_TRAIN_000154
S1_TRAIN_000270	S2_TRAIN_000165,S3_TRAIN_000155
S1_TRAIN_000271	S3_TRAIN_000156
S1_TRAIN_000272	S3_TRAIN_000157
S1_TRAIN_000273	S2_TRAIN_000166,S3_TRAIN_000158
S1_TRAIN_000274	S2_TRAIN_000167,S2_TRAIN_000168,S3_TRAIN_000159
S1_TRAIN_000275	S2_TRAIN_000169,S3_TRAIN_000160
S1_TRAIN_000276	S2_TRAIN_000170
S1_TRAIN_000277	S3_TRAIN_000161
S1_TRAIN_000278	S2_TRAIN_000171
S1_TRAIN_000279	
S1_TRAIN_000280	S2_TRAIN_000172
S1_TRAIN_000281	S2_TRAIN_000173
S1_TRAIN_000282	
S1_TRAIN_000283	S2_TRAIN_000174,S3_TRAIN_000162
S1_TRAIN_000284	S3_TRAIN_000163
S1_TRAIN_000285	S2_TRAIN_000175
S1_TRAIN_000286	S2_TRAIN_000176,S3_TRAIN_000164
S1_TRAIN_000287	S2_TRAIN_000177,S3_TRAIN_000165
S1_TRAIN_000288	S2_TRAIN_000178,S3_TRAIN_000166
S1_TRAIN_000289	S3_TRAIN_000167
S1_TRAIN_000290	
S1_TRAIN_000291	S2_TRAIN_000179,S3_TRAIN_000168
S1_TRAIN_000292	
S1_TRAIN_000293	
S1_TRAIN_000294	S2_TRAIN_000180
S1_TRAIN_000295	S2_TRAIN_000181,S2_TRAIN_000182,S3_TRAIN_000169
S1_TRAIN_000296	S3_TRAIN_000170
S1_TRAIN_000297	S2_TRAIN_000183
S1_TRAIN_000298	S2_TRAIN_000184,S2_TRAIN_000185,S3_TRAIN_000171
S1_TRAIN_000299	
S1_TRAIN_000300	
S1_TRAIN_000301	S3_TRAIN_000172
S1_TRAIN_000302	S3_TRAIN_000173
S1_TRAIN_000303	S3_TRAIN_000174
S1_TRAIN_000304	
S1_TRAIN_000305	
S1_TRAIN_000306	S3_TRAIN_000175
S1_TRAIN_000307	S2_TRAIN_000186,S2_TRAIN_000187,S3_TRAIN_000176
S1_TRAIN_000308	
S1_TRAIN_000309	
S1_TRAIN_000310	S3_TRAIN_000177
S1_TRAIN_000311	S3_TRAIN_000178
S1_TRAIN_000312	S3_TRAIN_000179
S1_TRAIN_000313	S3_TRAIN_000180
S1_TRAIN_000314	S2_TRAIN_000188,S3_TRAIN_000181
S1_TRAIN_000315	S3_TRAIN_000182
S1_TRAIN_000316	
S1_TRAIN_000317	S3_TRAIN_000183
S1_TRAIN_000318	S3_TRAIN_000184
S1_TRAIN_000319	S2_TRAIN_000189,S3_TRAIN_000185
S1_TRAIN_000320	S2_TRAIN_000190
S1_TRAIN_000321	
S1_TRAIN_000322	S3_TRAIN_000186
S1_TRAIN_000323	
S1_TRAIN_000324	S2_TRAIN_000191,S3_TRAIN_000187
S1_TRAIN_000325	S3_TRAIN_000188
S1_TRAIN_000326	S2_TRAIN_000192,S3_TRAIN_000189
S1_TRAIN_000327	S3_TRAIN_000190
S1_TRAIN_000328	S2_TRAIN_000193,S2_TRAIN_000194,S3_TRAIN_000191
S1_TRAIN_000329	
S1_TRAIN_000330	S2_TRAIN_000195,S3_TRAIN_000192
S1_TRAIN_000331	S2_TRAIN_000196
S1_TRAIN_000332	S3_TRAIN_000193
S1_TRAIN_000333	S2_TRAIN_000197
S1_TRAIN_000334	
S1_TRAIN_000335	S2_TRAIN_000198
S1_TRAIN_000336	S2_TRAIN_000199,S3_TRAIN_000194
S1_TRAIN_000337	S2_TRAIN_000200
S1_TRAIN_000338	S2_TRAIN_000201,S3_TRAIN_000195
S1_TRAIN_000339	S3_TRAIN_000196
S1_TRAIN_000340	S2_TRAIN_000202,S3_TRAIN_000197
S1_TRAIN_000341	S2_TRAIN_000203
S1_TRAIN_000342	
S1_TRAIN_000343	S3_TRAIN_000198
S1_TRAIN_000344	
S1_TRAIN_000345	S3_TRAIN_000199
S1_TRAIN_000346	S2_TRAIN_000204,S3_TRAIN_000200
S1_TRAIN_000347	S2_TRAIN_000205
S1_TRAIN_000348	S2_TRAIN_000206
S1_TRAIN_000349	S2_TRAIN_000207,S3_TRAIN_000201
S1_TRAIN_000350	S3_TRAIN_000202
S1_TRAIN_000351	
S1_TRAIN_000352	S2_TRAIN_000208,S3_TRAIN_000203
S1_TRAIN_000353	S2_TRAIN_000209,S3_TRAIN_000204
S1_TRAIN_000354	
S1_TRAIN_000355	
S1_TRAIN_000356	S2_TRAIN_000210
S1_TRAIN_000357	S2_TRAIN_000211,S3_TRAIN_000205
S1_TRAIN_000358	S2_TRAIN_000212,S2_TRAIN_000213,S3_TRAIN_000206
S1_TRAIN_000359	S2_TRAIN_000214
S1_TRAIN_000360	S3_TRAIN_000207
S1_TRAIN_000361	
S1_TRAIN_000362	S2_TRAIN_000215
S1_TRAIN_000363	S3_TRAIN_000208
S1_TRAIN_000364	
S1_TRAIN_000365	S2_TRAIN_000216,S3_TRAIN_000209
S1_TRAIN_000366	S3_TRAIN_000210
S1_TRAIN_000367	S2_TRAIN_000217
S1_TRAIN_000368	S2_TRAIN_000218
S1_TRAIN_000369	S2_TRAIN_000219
S1_TRAIN_000370	S3_TRAIN_000211
S1_TRAIN_000371	
S1_TRAIN_000372	S2_TRAIN_000220
S1_TRAIN_000373	
S1_TRAIN_000374	S3_TRAIN_000212
S1_TRAIN_000375	S2_TRAIN_000221
S1_TRAIN_000376	S2_TRAIN_000222
S1_TRAIN_000377	S2_TRAIN_000223,S3_TRAIN_000213
S1_TRAIN_000378	S3_TRAIN_000214
S1_TRAIN_000379	S2_TRAIN_000224
S1_TRAIN_000380	
S1_TRAIN_000381	S2_TRAIN_000225,S3_TRAIN_000215
S1_TRAIN_000382	S2_TRAIN_000226
S1_TRAIN_000383	
S1_TRAIN_000384	S3_TRAIN_000216
S1_TRAIN_000385	S2_TRAIN_000227,S3_TRAIN_000217
S1_TRAIN_000386	
S1_TRAIN_000387	S2_TRAIN_000228,S3_TRAIN_000218
S1_TRAIN_000388	S2_TRAIN_000229,S3_TRAIN_000219
S1_TRAIN_000389	S2_TRAIN_000230,S2_TRAIN_000231,S3_TRAIN_000220
S1_TRAIN_000390	S2_TRAIN_000232
S1_TRAIN_000391	S2_TRAIN_000233,S3_TRAIN_000221
S1_TRAIN_000392	S3_TRAIN_000222
S1_TRAIN_000393	S2_TRAIN_000234
S1_TRAIN_000394	
S1_TRAIN_000395	S2_TRAIN_000235
S1_TRAIN_000396	
S1_TRAIN_000397	S2_TRAIN_000236
S1_TRAIN_000398	
S1_TRAIN_000399	S2_TRAIN_000237,S3_TRAIN_000223
S1_TRAIN_000400	S3_TRAIN_000224
S1_TRAIN_000401	S2_TRAIN_000238,S3_TRAIN_000225
S1_TRAIN_000402	S2_TRAIN_000239,S3_TRAIN_000226
S1_TRAIN_000403	S2_TRAIN_000240,S3_TRAIN_000227
S1_TRAIN_000404	S2_TRAIN_000241,S3_TRAIN_000228
S1_TRAIN_000405	S3_TRAIN_000229
S1_TRAIN_000406	
S1_TRAIN_000407	S2_TRAIN_000242,S2_TRAIN_000243,S3_TRAIN_000230
S1_TRAIN_000408	S3_TRAIN_000231
S1_TRAIN_000409	S2_TRAIN_000244
S1_TRAIN_000410	S2_TRAIN_000245,S3_TRAIN_000232
S1_TRAIN_000411	S2_TRAIN_000246,S3_TRAIN_000233
S1_TRAIN_000412	S3_TRAIN_000234
S1_TRAIN_000413	S2_TRAIN_000247
S1_TRAIN_000414	
S1_TRAIN_000415	S2_TRAIN_000248,S2_TRAIN_000249,S3_TRAIN_000235
S1_TRAIN_000416	S2_TRAIN_000250,S2_TRAIN_000251,S3_TRAIN_000236
S1_TRAIN_000417	
S1_TRAIN_000418	S2_TRAIN_000252
S1_TRAIN_000419	
S1_TRAIN_000420	S2_TRAIN_000253
S1_TRAIN_000421	S2_TRAIN_000254,S3_TRAIN_000237
S1_TRAIN_000422	S2_TRAIN_000255,S3_TRAIN_000238
S1_TRAIN_000423	
S1_TRAIN_000424	S2_TRAIN_000256,S3_TRAIN_000239
S1_TRAIN_000425	S3_TRAIN_000240
S1_TRAIN_000426	
S1_TRAIN_000427	S2_TRAIN_000257,S2_TRAIN_000258,S3_TRAIN_000241
S1_TRAIN_000428	
S1_TRAIN_000429	S2_TRAIN_000259,S2_TRAIN_000260,S3_TRAIN_000242
S1_TRAIN_000430	S2_TRAIN_000261
S1_TRAIN_000431	S2_TRAIN_000262,S3_TRAIN_000243
S1_TRAIN_000432	S2_TRAIN_000263
S1_TRAIN_000433	S2_TRAIN_000264
S1_TRAIN_000434	S2_TRAIN_000265,S3_TRAIN_000244
S1_TRAIN_000435	S3_TRAIN_000245
S1_TRAIN_000436	S2_TRAIN_000266
S1_TRAIN_000437	S3_TRAIN_000246
S1_TRAIN_000438	S3_TRAIN_000247
S1_TRAIN_000439	S2_TRAIN_000267
S1_TRAIN_000440	S2_TRAIN_000268,S3_TRAIN_000248
S1_TRAIN_000441	S3_TRAIN_000249
S1_TRAIN_000442	S2_TRAIN_000269,S2_TRAIN_000270,S3_TRAIN_000250
S1_TRAIN_000443	S2_TRAIN_000271
S1_TRAIN_000444	
S1_TRAIN_000445	S2_TRAIN_000272,S3_TRAIN_000251
S1_TRAIN_000446	S3_TRAIN_000252
S1_TRAIN_000447	S2_TRAIN_000273,S2_TRAIN_000274,S3_TRAIN_000253
S1_TRAIN_000448	S3_TRAIN_000254
S1_TRAIN_000449	S3_TRAIN_000255
S1_TRAIN_000450	
S1_TRAIN_000451	S2_TRAIN_000275,S2_TRAIN_000276,S3_TRAIN_000256
S1_TRAIN_000452	S3_TRAIN_000257
S1_TRAIN_000453	S2_TRAIN_000277,S3_TRAIN_000258
S1_TRAIN_000454	
S1_TRAIN_000455	S3_TRAIN_000259
S1_TRAIN_000456	S2_TRAIN_000278,S3_TRAIN_000260
S1_TRAIN_000457	S2_TRAIN_000279,S3_TRAIN_000261
S1_TRAIN_000458	S2_TRAIN_000280,S2_TRAIN_000281,S3_TRAIN_000262
S1_TRAIN_000459	S2_TRAIN_000282
S1_TRAIN_000460	S2_TRAIN_000283
S1_TRAIN_000461	S3_TRAIN_000263
S1_TRAIN_000462	S3_TRAIN_000264
S1_TRAIN_000463	S2_TRAIN_000284
S1_TRAIN_000464	
S1_TRAIN_000465	S3_TRAIN_000265
S1_TRAIN_000466	S2_TRAIN_000285,S2_TRAIN_000286,S3_TRAIN_000266
S1_TRAIN_000467	S2_TRAIN_000287,S3_TRAIN_000267
S1_TRAIN_000468	S3_TRAIN_000268
S1_TRAIN_000469	S3_TRAIN_000269
S1_TRAIN_000470	S2_TRAIN_000288,S2_TRAIN_000289,S3_TRAIN_000270
S1_TRAIN_000471	S3_TRAIN_000271
S1_TRAIN_000472	S3_TRAIN_000272
S1_TRAIN_000473	S2_TRAIN_000290
S1_TRAIN_000474	
S1_TRAIN_000475	S2_TRAIN_000291
S1_TRAIN_000476	
S1_TRAIN_000477	
S1_TRAIN_000478	S2_TRAIN_000292
S1_TRAIN_000479	S2_TRAIN_000293,S3_TRAIN_000273
S1_TRAIN_000480	S2_TRAIN_000294,S2_TRAIN_000295,S3_TRAIN_000274
S1_TRAIN_000481	S2_TRAIN_000296
S1_TRAIN_000482	
S1_TRAIN_000483	S3_TRAIN_000275
S1_TRAIN_000484	S2_TRAIN_000297
S1_TRAIN_000485	S3_TRAIN_000276
S1_TRAIN_000486	S2_TRAIN_000298
S1_TRAIN_000487	
S1_TRAIN_000488	S2_TRAIN_000299,S3_TRAIN_000277
S1_TRAIN_000489	S2_TRAIN_000300,S3_TRAIN_000278
S1_TRAIN_000490	S2_TRAIN_000301,S3_TRAIN_000279
S1_TRAIN_000491	
S1_TRAIN_000492	
S1_TRAIN_000493	S2_TRAIN_000302,S2_TRAIN_000303,S3_TRAIN_000280
S1_TRAIN_000494	S2_TRAIN_000304,S2_TRAIN_000305,S3_TRAIN_000281
S1_TRAIN_000495	S2_TRAIN_000306,S3_TRAIN_000282
S1_TRAIN_000496	S3_TRAIN_000283
S1_TRAIN_000497	S3_TRAIN_000284
S1_TRAIN_000498	S2_TRAIN_000307,S3_TRAIN_000285
S1_TRAIN_000499	S3_TRAIN_000286
S1_TRAIN_000500	S3_TRAIN_000287
S1_TRAIN_000501	S3_TRAIN_000288
S1_TRAIN_000502	S2_TRAIN_000308
S1_TRAIN_000503	S2_TRAIN_000309
S1_TRAIN_000504	S2_TRAIN_000310,S3_TRAIN_000289
S1_TRAIN_000505	
S1_TRAIN_000506	S3_TRAIN_000290
S1_TRAIN_000507	S2_TRAIN_000311,S2_TRAIN_000312,S3_TRAIN_000291
S1_TRAIN_000508	S2_TRAIN_000313
S1_TRAIN_000509	S2_TRAIN_000314,S3_TRAIN_000292
S1_TRAIN_000510	
S1_TRAIN_000511	S2_TRAIN_000315
S1_TRAIN_000512	S2_TRAIN_000316,S2_TRAIN_000317,S3_TRAIN_000293
S1_TRAIN_000513	S2_TRAIN_000318,S3_TRAIN_000294
S1_TRAIN_000514	S2_TRAIN_000319,S3_TRAIN_000295
S1_TRAIN_000515	S2_TRAIN_000320,S3_TRAIN_000296
S1_TRAIN_000516	S3_TRAIN_000297
S1_TRAIN_000517	S2_TRAIN_000321
S1_TRAIN_000518	S2_TRAIN_000322,S3_TRAIN_000298
S1_TRAIN_000519	S2_TRAIN_000323,S3_TRAIN_000299
S1_TRAIN_000520	S2_TRAIN_000324,S3_TRAIN_000300
S1_TRAIN_000521	S2_TRAIN_000325,S3_TRAIN_000301
S1_TRAIN_000522	S3_TRAIN_000302
S1_TRAIN_000523	S3_TRAIN_000303
S1_TRAIN_000524	S2_TRAIN_000326,S3_TRAIN_000304
S1_TRAIN_000525	S2_TRAIN_000327,S2_TRAIN_000328,S3_TRAIN_000305
S1_TRAIN_000526	S2_TRAIN_000329
S1_TRAIN_000527	S2_TRAIN_000330,S2_TRAIN_000331,S3_TRAIN_000306
S1_TRAIN_000528	S2_TRAIN_000332
S1_TRAIN_000529	S2_TRAIN_000333
S1_TRAIN_000530	S2_TRAIN_000334,S3_TRAIN_000307
S1_TRAIN_000531	S2_TRAIN_000335,S3_TRAIN_000308
S1_TRAIN_000532	S2_TRAIN_000336,S2_TRAIN_000337,S3_TRAIN_000309
S1_TRAIN_000533	S2_TRAIN_000338,S3_TRAIN_000310
S1_TRAIN_000534	S2_TRAIN_000339,S2_TRAIN_000340,S3_TRAIN_000311
S1_TRAIN_000535	S3_TRAIN_000312
S1_TRAIN_000536	S2_TRAIN_000341,S3_TRAIN_000313
S1_TRAIN_000537	S3_TRAIN_000314
S1_TRAIN_000538	S2_TRAIN_000342,S3_TRAIN_000315
S1_TRAIN_000539	
S1_TRAIN_000540	
S1_TRAIN_000541	S2_TRAIN_000343,S3_TRAIN_000316
S1_TRAIN_000542	S2_TRAIN_000344
S1_TRAIN_000543	S3_TRAIN_000317
S1_TRAIN_000544	
S1_TRAIN_000545	S3_TRAIN_000318
S1_TRAIN_000546	S2_TRAIN_000345,S2_TRAIN_000346,S3_TRAIN_000319
S1_TRAIN_000547	S3_TRAIN_000320
S1_TRAIN_000548	
S1_TRAIN_000549	S3_TRAIN_000321
S1_TRAIN_000550	S2_TRAIN_000347,S3_TRAIN_000322
S1_TRAIN_000551	S3_TRAIN_000323
S1_TRAIN_000552	S2_TRAIN_000348
S1_TRAIN_000553	S2_TRAIN_000349,S3_TRAIN_000324
S1_TRAIN_000554	S2_TRAIN_000350
S1_TRAIN_000555	S2_TRAIN_000351
S1_TRAIN_000556	S3_TRAIN_000325
S1_TRAIN_000557	S3_TRAIN_000326
S1_TRAIN_000558	S3_TRAIN_000327
S1_TRAIN_000559	S2_TRAIN_000352,S3_TRAIN_000328
S1_TRAIN_000560	S2_TRAIN_000353,S3_TRAIN_000329
S1_TRAIN_000561	S2_TRAIN_000354,S3_TRAIN_000330
S1_TRAIN_000562	S2_TRAIN_000355
S1_TRAIN_000563	S3_TRAIN_000331
S1_TRAIN_000564	
S1_TRAIN_000565	
S1_TRAIN_000566	S2_TRAIN_000356,S3_TRAIN_000332
S1_TRAIN_000567	
S1_TRAIN_000568	S3_TRAIN_000333
S1_TRAIN_000569	S2_TRAIN_000357
S1_TRAIN_000570	S3_TRAIN_000334
S1_TRAIN_000571	
S1_TRAIN_000572	S2_TRAIN_000358
S1_TRAIN_000573	S3_TRAIN_000335
S1_TRAIN_000574	S3_TRAIN_000336
S1_TRAIN_000575	S2_TRAIN_000359,S2_TRAIN_000360,S3_TRAIN_000337
S1_TRAIN_000576	S2_TRAIN_000361,S2_TRAIN_000362,S3_TRAIN_000338
S1_TRAIN_000577	S3_TRAIN_000339
S1_TRAIN_000578	S2_TRAIN_000363,S3_TRAIN_000340
S1_TRAIN_000579	S3_TRAIN_000341
S1_TRAIN_000580	S3_TRAIN_000342
S1_TRAIN_000581	S2_TRAIN_000364,S3_TRAIN_000343
S1_TRAIN_000582	
S1_TRAIN_000583	S3_TRAIN_000344
S1_TRAIN_000584	S2_TRAIN_000365
S1_TRAIN_000585	S2_TRAIN_000366,S2_TRAIN_000367,S3_TRAIN_000345
S1_TRAIN_000586	
S1_TRAIN_000587	
S1_TRAIN_000588	S2_TRAIN_000368,S3_TRAIN_000346
S1_TRAIN_000589	S2_TRAIN_000369,S2_TRAIN_000370,S3_TRAIN_000347
S1_TRAIN_000590	S2_TRAIN_000371,S2_TRAIN_000372,S3_TRAIN_000348
S1_TRAIN_000591	S2_TRAIN_000373
S1_TRAIN_000592	S2_TRAIN_000374
S1_TRAIN_000593	S2_TRAIN_000375
S1_TRAIN_000594	S3_TRAIN_000349
S1_TRAIN_000595	S2_TRAIN_000376,S2_TRAIN_000377,S3_TRAIN_000350
S1_TRAIN_000596	S2_TRAIN_000378
S1_TRAIN_000597	S2_TRAIN_000379,S2_TRAIN_000380,S3_TRAIN_000351
S1_TRAIN_000598	S3_TRAIN_000352
S1_TRAIN_000599	S2_TRAIN_000381
S1_TRAIN_000600	S2_TRAIN_000382,S3_TRAIN_000353
S1_TRAIN_000601	S2_TRAIN_000383
S1_TRAIN_000602	S3_TRAIN_000354
S1_TRAIN_000603	S2_TRAIN_000384,S3_TRAIN_000355
S1_TRAIN_000604	S2_TRAIN_000385,S3_TRAIN_000356
S1_TRAIN_000605	S2_TRAIN_000386
S1_TRAIN_000606	S2_TRAIN_000387,S3_TRAIN_000357
S1_TRAIN_000607	S2_TRAIN_000388
S1_TRAIN_000608	S2_TRAIN_000389,S3_TRAIN_000358
S1_TRAIN_000609	S2_TRAIN_000390,S3_TRAIN_000359
S1_TRAIN_000610	
S1_TRAIN_000611	S2_TRAIN_000391
S1_TRAIN_000612	S2_TRAIN_000392,S3_TRAIN_000360
S1_TRAIN_000613	S2_TRAIN_000393
S1_TRAIN_000614	S2_TRAIN_000394
S1_TRAIN_000615	S2_TRAIN_000395
S1_TRAIN_000616	S3_TRAIN_000361
S1_TRAIN_000617	S2_TRAIN_000396,S3_TRAIN_000362
S1_TRAIN_000618	S2_TRAIN_000397
S1_TRAIN_000619	S3_TRAIN_000363
S1_TRAIN_000620	
S1_TRAIN_000621	S2_TRAIN_000398,S3_TRAIN_000364
S1_TRAIN_000622	S3_TRAIN_000365
S1_TRAIN_000623	
S1_TRAIN_000624	S3_TRAIN_000366
S1_TRAIN_000625	
S1_TRAIN_000626	
S1_TRAIN_000627	S3_TRAIN_000367
S1_TRAIN_000628	S2_TRAIN_000399,S3_TRAIN_000368
S1_TRAIN_000629	S2_TRAIN_000400
S1_TRAIN_000630	S3_TRAIN_000369
S1_TRAIN_000631	S2_TRAIN_000401,S3_TRAIN_000370
S1_TRAIN_000632	
S1_TRAIN_000633	
S1_TRAIN_000634	S2_TRAIN_000402,S2_TRAIN_000403,S3_TRAIN_000371
S1_TRAIN_000635	
S1_TRAIN_000636	S3_TRAIN_000372
S1_TRAIN_000637	S2_TRAIN_000404
S1_TRAIN_000638	S3_TRAIN_000373
S1_TRAIN_000639	S3_TRAIN_000374
S1_TRAIN_000640	S2_TRAIN_000405
S1_TRAIN_000641	S2_TRAIN_000406,S3_TRAIN_000375
S1_TRAIN_000642	
S1_TRAIN_000643	S2_TRAIN_000407,S3_TRAIN_000376
S1_TRAIN_000644	
S1_TRAIN_000645	S3_TRAIN_000377
S1_TRAIN_000646	
S1_TRAIN_000647	S2_TRAIN_000408,S2_TRAIN_000409,S3_TRAIN_000378
S1_TRAIN_000648	S2_TRAIN_000410,S2_TRAIN_000411,S3_TRAIN_000379
S1_TRAIN_000649	S3_TRAIN_000380
S1_TRAIN_000650	S2_TRAIN_000412
S1_TRAIN_000651	S3_TRAIN_000381
S1_TRAIN_000652	S2_TRAIN_000413,S3_TRAIN_000382
S1_TRAIN_000653	S2_TRAIN_000414
S1_TRAIN_000654	S3_TRAIN_000383
S1_TRAIN_000655	
S1_TRAIN_000656	S2_TRAIN_000415
S1_TRAIN_000657	
S1_TRAIN_000658	S2_TRAIN_000416,S2_TRAIN_000417,S3_TRAIN_000384
S1_TRAIN_000659	S2_TRAIN_000418
S1_TRAIN_000660	S3_TRAIN_000385
S1_TRAIN_000661	S2_TRAIN_000419,S3_TRAIN_000386
S1_TRAIN_000662	S2_TRAIN_000420,S3_TRAIN_000387
S1_TRAIN_000663	
S1_TRAIN_000664	S2_TRAIN_000421
S1_TRAIN_000665	
S1_TRAIN_000666	S3_TRAIN_000388
S1_TRAIN_000667	S3_TRAIN_000389
S1_TRAIN_000668	S2_TRAIN_000422
S1_TRAIN_000669	S2_TRAIN_000423,S2_TRAIN_000424,S3_TRAIN_000390
S1_TRAIN_000670	S3_TRAIN_000391
S1_TRAIN_000671	
S1_TRAIN_000672	S2_TRAIN_000425,S3_TRAIN_000392
S1_TRAIN_000673	S2_TRAIN_000426,S2_TRAIN_000427,S3_TRAIN_000393
S1_TRAIN_000674	S2_TRAIN_000428
S1_TRAIN_000675	S3_TRAIN_000394
S1_TRAIN_000676	
S1_TRAIN_000677	S3_TRAIN_000395
S1_TRAIN_000678	S2_TRAIN_000429
S1_TRAIN_000679	S2_TRAIN_000430,S3_TRAIN_000396
S1_TRAIN_000680	S2_TRAIN_000431,S3_TRAIN_000397
S1_TRAIN_000681	S2_TRAIN_000432
S1_TRAIN_000682	S2_TRAIN_000433,S2_TRAIN_000434,S3_TRAIN_000398
S1_TRAIN_000683	S2_TRAIN_000435,S3_TRAIN_000399
S1_TRAIN_000684	S3_TRAIN_000400
S1_TRAIN_000685	S2_TRAIN_000436
S1_TRAIN_000686	
S1_TRAIN_000687	S2_TRAIN_000437,S3_TRAIN_000401
S1_TRAIN_000688	
S1_TRAIN_000689	S3_TRAIN_000402
S1_TRAIN_000690	
S1_TRAIN_000691	S2_TRAIN_000438,S3_TRAIN_000403
S1_TRAIN_000692	S3_TRAIN_000404
S1_TRAIN_000693	S3_TRAIN_000405
S1_TRAIN_000694	S3_TRAIN_000406
S1_TRAIN_000695	S2_TRAIN_000439,S3_TRAIN_000407
S1_TRAIN_000696	S3_TRAIN_000408
S1_TRAIN_000697	S2_TRAIN_000440
S1_TRAIN_000698	S2_TRAIN_000441,S3_TRAIN_000409
S1_TRAIN_000699	S2_TRAIN_000442,S2_TRAIN_000443,S3_TRAIN_000410
S1_TRAIN_000700	
S1_TRAIN_000701	
S1_TRAIN_000702	S2_TRAIN_000444
S1_TRAIN_000703	
S1_TRAIN_000704	S2_TRAIN_000445
S1_TRAIN_000705	S2_TRAIN_000446
S1_TRAIN_000706	S2_TRAIN_000447,S3_TRAIN_000411
S1_TRAIN_000707	S2_TRAIN_000448,S3_TRAIN_000412
S1_TRAIN_000708	S3_TRAIN_000413
S1_TRAIN_000709	S3_TRAIN_000414
S1_TRAIN_000710	
S1_TRAIN_000711	S2_TRAIN_000449,S2_TRAIN_000450,S3_TRAIN_000415
S1_TRAIN_000712	S2_TRAIN_000451
S1_TRAIN_000713	S3_TRAIN_000416
S1_TRAIN_000714	S2_TRAIN_000452,S3_TRAIN_000417
S1_TRAIN_000715	
S1_TRAIN_000716	S3_TRAIN_000418
S1_TRAIN_000717	S2_TRAIN_000453,S3_TRAIN_000419
S1_TRAIN_000718	S3_TRAIN_000420
S1_TRAIN_000719	S3_TRAIN_000421
S1_TRAIN_000720	
S1_TRAIN_000721	S2_TRAIN_000454,S3_TRAIN_000422
S1_TRAIN_000722	S2_TRAIN_000455,S3_TRAIN_000423
S1_TRAIN_000723	S2_TRAIN_000456
S1_TRAIN_000724	S2_TRAIN_000457,S3_TRAIN_000424
S1_TRAIN_000725	S3_TRAIN_000425
S1_TRAIN_000726	S2_TRAIN_000458,S3_TRAIN_000426
S1_TRAIN_000727	S2_TRAIN_000459,S3_TRAIN_000427
S1_TRAIN_000728	
S1_TRAIN_000729	S3_TRAIN_000428
S1_TRAIN_000730	
S1_TRAIN_000731	S3_TRAIN_000429
S1_TRAIN_000732	S2_TRAIN_000460,S3_TRAIN_000430
S1_TRAIN_000733	S2_TRAIN_000461
S1_TRAIN_000734	S3_TRAIN_000431
S1_TRAIN_000735	S2_TRAIN_000462
S1_TRAIN_000736	S2_TRAIN_000463,S3_TRAIN_000432
S1_TRAIN_000737	
S1_TRAIN_000738	S2_TRAIN_000464,S3_TRAIN_000433
S1_TRAIN_000739	
S1_TRAIN_000740	S2_TRAIN_000465,S2_TRAIN_000466,S3_TRAIN_000434
S1_TRAIN_000741	S2_TRAIN_000467,S3_TRAIN_000435
S1_TRAIN_000742	S2_TRAIN_000468
S1_TRAIN_000743	
S1_TRAIN_000744	S2_TRAIN_000469
S1_TRAIN_000745	S2_TRAIN_000470,S3_TRAIN_000436
S1_TRAIN_000746	S2_TRAIN_000471,S2_TRAIN_000472,S3_TRAIN_000437
S1_TRAIN_000747	
S1_TRAIN_000748	S2_TRAIN_000473,S2_TRAIN_000474,S3_TRAIN_000438
S1_TRAIN_000749	S3_TRAIN_000439
S1_TRAIN_000750	S2_TRAIN_000475,S3_TRAIN_000440
S1_TRAIN_000751	S2_TRAIN_000476,S2_TRAIN_000477,S3_TRAIN_000441
S1_TRAIN_000752	S2_TRAIN_000478,S2_TRAIN_000479,S3_TRAIN_000442
S1_TRAIN_000753	
S1_TRAIN_000754	
S1_TRAIN_000755	S2_TRAIN_000480,S2_TRAIN_000481,S3_TRAIN_000443
S1_TRAIN_000756	S2_TRAIN_000482
S1_TRAIN_000757	
S1_TRAIN_000758	S2_TRAIN_000483
S1_TRAIN_000759	S3_TRAIN_000444
S1_TRAIN_000760	S3_TRAIN_000445
S1_TRAIN_000761	
S1_TRAIN_000762	S2_TRAIN_000484,S3_TRAIN_000446
S1_TRAIN_000763	S3_TRAIN_000447
S1_TRAIN_000764	S2_TRAIN_000485,S3_TRAIN_000448
S1_TRAIN_000765	
S1_TRAIN_000766	S3_TRAIN_000449
S1_TRAIN_000767	
S1_TRAIN_000768	S3_TRAIN_000450
S1_TRAIN_000769	S2_TRAIN_000486,S3_TRAIN_000451
S1_TRAIN_000770	
S1_TRAIN_000771	S3_TRAIN_000452
S1_TRAIN_000772	S3_TRAIN_000453
S1_TRAIN_000773	
S1_TRAIN_000774	
S1_TRAIN_000775	S3_TRAIN_000454
S1_TRAIN_000776	S2_TRAIN_000487,S3_TRAIN_000455
S1_TRAIN_000777	S3_TRAIN_000456
S1_TRAIN_000778	S2_TRAIN_000488,S3_TRAIN_000457
S1_TRAIN_000779	S2_TRAIN_000489
S1_TRAIN_000780	S3_TRAIN_000458
S1_TRAIN_000781	
S1_TRAIN_000782	S3_TRAIN_000459
S1_TRAIN_000783	S2_TRAIN_000490
S1_TRAIN_000784	S3_TRAIN_000460
S1_TRAIN_000785	S2_TRAIN_000491,S2_TRAIN_000492,S3_TRAIN_000461
S1_TRAIN_000786	S3_TRAIN_000462
S1_TRAIN_000787	S3_TRAIN_000463
S1_TRAIN_000788	S3_TRAIN_000464
S1_TRAIN_000789	S3_TRAIN_000465
S1_TRAIN_000790	S2_TRAIN_000493,S2_TRAIN_000494,S3_TRAIN_000466
S1_TRAIN_000791	S2_TRAIN_000495,S3_TRAIN_000467
S1_TRAIN_000792	
S1_TRAIN_000793	S2_TRAIN_000496
S1_TRAIN_000794	S2_TRAIN_000497
S1_TRAIN_000795	
S1_TRAIN_000796	S3_TRAIN_000468
S1_TRAIN_000797	S2_TRAIN_000498,S3_TRAIN_000469
S1_TRAIN_000798	S2_TRAIN_000499,S3_TRAIN_000470
S1_TRAIN_000799	S2_TRAIN_000500
S1_TRAIN_000800	
S1_TRAIN_000801	S2_TRAIN_000501,S3_TRAIN_000471
S1_TRAIN_000802	S2_TRAIN_000502,S3_TRAIN_000472
S1_TRAIN_000803	S2_TRAIN_000503
S1_TRAIN_000804	S3_TRAIN_000473
S1_TRAIN_000805	S2_TRAIN_000504,S3_TRAIN_000474
S1_TRAIN_000806	S3_TRAIN_000475
S1_TRAIN_000807	S2_TRAIN_000505
S1_TRAIN_000808	S3_TRAIN_000476
S1_TRAIN_000809	
S1_TRAIN_000810	S3_TRAIN_000477
S1_TRAIN_000811	S3_TRAIN_000478
S1_TRAIN_000812	S2_TRAIN_000506,S3_TRAIN_000479
S1_TRAIN_000813	
S1_TRAIN_000814	
S1_TRAIN_000815	S2_TRAIN_000507,S2_TRAIN_000508,S3_TRAIN_000480
S1_TRAIN_000816	S2_TRAIN_000509
S1_TRAIN_000817	S3_TRAIN_000481
S1_TRAIN_000818	
S1_TRAIN_000819	S2_TRAIN_000510
S1_TRAIN_000820	S2_TRAIN_000511
S1_TRAIN_000821	
S1_TRAIN_000822	S2_TRAIN_000512
S1_TRAIN_000823	
S1_TRAIN_000824	
S1_TRAIN_000825	S2_TRAIN_000513
S1_TRAIN_000826	S2_TRAIN_000514,S3_TRAIN_000482
S1_TRAIN_000827	S3_TRAIN_000483
S1_TRAIN_000828	
S1_TRAIN_000829	S3_TRAIN_000484
S1_TRAIN_000830	S3_TRAIN_000485
S1_TRAIN_000831	S3_TRAIN_000486
S1_TRAIN_000832	S2_TRAIN_000515,S2_TRAIN_000516,S3_TRAIN_000487
S1_TRAIN_000833	S3_TRAIN_000488
S1_TRAIN_000834	
S1_TRAIN_000835	S3_TRAIN_000489
S1_TRAIN_000836	S2_TRAIN_000517
S1_TRAIN_000837	S2_TRAIN_000518,S3_TRAIN_000490
S1_TRAIN_000838	
S1_TRAIN_000839	S3_TRAIN_000491
S1_TRAIN_000840	S2_TRAIN_000519
S1_TRAIN_000841	S2_TRAIN_000520
S1_TRAIN_000842	S3_TRAIN_000492
S1_TRAIN_000843	S3_TRAIN_000493
S1_TRAIN_000844	S2_TRAIN_000521,S3_TRAIN_000494
S1_TRAIN_000845	S2_TRAIN_000522
S1_TRAIN_000846	S2_TRAIN_000523,S2_TRAIN_000524,S3_TRAIN_000495
S1_TRAIN_000847	S2_TRAIN_000525,S2_TRAIN_000526,S3_TRAIN_000496
S1_TRAIN_000848	S3_TRAIN_000497
S1_TRAIN_000849	
S1_TRAIN_000850	S2_TRAIN_000527,S2_TRAIN_000528,S3_TRAIN_000498
S1_TRAIN_000851	S2_TRAIN_000529,S3_TRAIN_000499
S1_TRAIN_000852	S2_TRAIN_000530,S3_TRAIN_000500
S1_TRAIN_000853	S2_TRAIN_000531,S3_TRAIN_000501
S1_TRAIN_000854	S3_TRAIN_000502
S1_TRAIN_000855	S2_TRAIN_000532
S1_TRAIN_000856	S2_TRAIN_000533,S2_TRAIN_000534,S3_TRAIN_000503
S1_TRAIN_000857	S3_TRAIN_000504
S1_TRAIN_000858	S2_TRAIN_000535,S3_TRAIN_000505
S1_TRAIN_000859	
S1_TRAIN_000860	S2_TRAIN_000536,S2_TRAIN_000537,S3_TRAIN_000506
S1_TRAIN_000861	
S1_TRAIN_000862	S2_TRAIN_000538
S1_TRAIN_000863	S3_TRAIN_000507
S1_TRAIN_000864	S2_TRAIN_000539,S3_TRAIN_000508
S1_TRAIN_000865	S2_TRAIN_000540
S1_TRAIN_000866	S2_TRAIN_000541
S1_TRAIN_000867	S2_TRAIN_000542,S3_TRAIN_000509
S1_TRAIN_000868	S2_TRAIN_000543
S1_TRAIN_000869	S2_TRAIN_000544
S1_TRAIN_000870	S2_TRAIN_000545,S2_TRAIN_000546,S3_TRAIN_000510
S1_TRAIN_000871	S3_TRAIN_000511
S1_TRAIN_000872	S2_TRAIN_000547,S3_TRAIN_000512
S1_TRAIN_000873	S2_TRAIN_000548
S1_TRAIN_000874	S3_TRAIN_000513
S1_TRAIN_000875	
S1_TRAIN_000876	S2_TRAIN_000549,S3_TRAIN_000514
S1_TRAIN_000877	S3_TRAIN_000515
S1_TRAIN_000878	S2_TRAIN_000550
S1_TRAIN_000879	
S1_TRAIN_000880	S3_TRAIN_000516
S1_TRAIN_000881	S2_TRAIN_000551
S1_TRAIN_000882	
S1_TRAIN_000883	
S1_TRAIN_000884	S2_TRAIN_000552,S3_TRAIN_000517
S1_TRAIN_000885	S2_TRAIN_000553,S3_TRAIN_000518
S1_TRAIN_000886	
S1_TRAIN_000887	S2_TRAIN_000554
S1_TRAIN_000888	S2_TRAIN_000555,S3_TRAIN_000519
S1_TRAIN_000889	S2_TRAIN_000556,S3_TRAIN_000520
S1_TRAIN_000890	S2_TRAIN_000557,S2_TRAIN_000558,S3_TRAIN_000521
S1_TRAIN_000891	S3_TRAIN_000522
S1_TRAIN_000892	S2_TRAIN_000559,S3_TRAIN_000523
S1_TRAIN_000893	S3_TRAIN_000524
S1_TRAIN_000894	S2_TRAIN_000560
S1_TRAIN_000895	S2_TRAIN_000561,S3_TRAIN_000525
S1_TRAIN_000896	
S1_TRAIN_000897	S2_TRAIN_000562,S2_TRAIN_000563,S3_TRAIN_000526
S1_TRAIN_000898	S2_TRAIN_000564,S3_TRAIN_000527
S1_TRAIN_000899	S3_TRAIN_000528
S1_TRAIN_000900	S2_TRAIN_000565
S1_TRAIN_000901	
S1_TRAIN_000902	S2_TRAIN_000566
S1_TRAIN_000903	S3_TRAIN_000529
S1_TRAIN_000904	S2_TRAIN_000567
S1_TRAIN_000905	S2_TRAIN_000568
S1_TRAIN_000906	S2_TRAIN_000569
S1_TRAIN_000907	S2_TRAIN_000570
S1_TRAIN_000908	
S1_TRAIN_000909	S2_TRAIN_000571,S3_TRAIN_000530
S1_TRAIN_000910	S2_TRAIN_000572
S1_TRAIN_000911	S2_TRAIN_000573,S3_TRAIN_000531
S1_TRAIN_000912	S2_TRAIN_000574,S3_TRAIN_000532
S1_TRAIN_000913	S2_TRAIN_000575
S1_TRAIN_000914	
S1_TRAIN_000915	S2_TRAIN_000576,S3_TRAIN_000533
S1_TRAIN_000916	S2_TRAIN_000577
S1_TRAIN_000917	S2_TRAIN_000578,S3_TRAIN_000534
S1_TRAIN_000918	S2_TRAIN_000579,S3_TRAIN_000535
S1_TRAIN_000919	S3_TRAIN_000536
S1_TRAIN_000920	S2_TRAIN_000580
S1_TRAIN_000921	
S1_TRAIN_000922	
S1_TRAIN_000923	S2_TRAIN_000581
S1_TRAIN_000924	S2_TRAIN_000582
S1_TRAIN_000925	S3_TRAIN_000537
S1_TRAIN_000926	S2_TRAIN_000583
S1_TRAIN_000927	S2_TRAIN_000584
S1_TRAIN_000928	S2_TRAIN_000585
S1_TRAIN_000929	S2_TRAIN_000586,S2_TRAIN_000587,S3_TRAIN_000538
S1_TRAIN_000930	S3_TRAIN_000539
S1_TRAIN_000931	S2_TRAIN_000588,S3_TRAIN_000540
S1_TRAIN_000932	S2_TRAIN_000589
S1_TRAIN_000933	S2_TRAIN_000590
S1_TRAIN_000934	S2_TRAIN_000591,S3_TRAIN_000541
S1_TRAIN_000935	S2_TRAIN_000592,S3_TRAIN_000542
S1_TRAIN_000936	S2_TRAIN_000593,S3_TRAIN_000543
S1_TRAIN_000937	S3_TRAIN_000544
S1_TRAIN_000938	S2_TRAIN_000594,S3_TRAIN_000545
S1_TRAIN_000939	S2_TRAIN_000595,S3_TRAIN_000546
S1_TRAIN_000940	S2_TRAIN_000596
S1_TRAIN_000941	S2_TRAIN_000597
S1_TRAIN_000942	S3_TRAIN_000547
S1_TRAIN_000943	S2_TRAIN_000598
S1_TRAIN_000944	S2_TRAIN_000599,S3_TRAIN_000548
S1_TRAIN_000945	S2_TRAIN_000600,S2_TRAIN_000601,S3_TRAIN_000549
S1_TRAIN_000946	S3_TRAIN_000550
S1_TRAIN_000947	
S1_TRAIN_000948	S3_TRAIN_000551
S1_TRAIN_000949	S2_TRAIN_000602
S1_TRAIN_000950	S2_TRAIN_000603
S1_TRAIN_000951	
S1_TRAIN_000952	S2_TRAIN_000604
S1_TRAIN_000953	S2_TRAIN_000605,S3_TRAIN_000552
S1_TRAIN_000954	S3_TRAIN_000553
S1_TRAIN_000955	S2_TRAIN_000606
S1_TRAIN_000956	S3_TRAIN_000554
S1_TRAIN_000957	S3_TRAIN_000555
S1_TRAIN_000958	
S1_TRAIN_000959	
S1_TRAIN_000960	S3_TRAIN_000556
S1_TRAIN_000961	S3_TRAIN_000557
S1_TRAIN_000962	S2_TRAIN_000607
S1_TRAIN_000963	S2_TRAIN_000608,S3_TRAIN_000558
S1_TRAIN_000964	S2_TRAIN_000609,S3_TRAIN_000559
S1_TRAIN_000965	S2_TRAIN_000610
S1_TRAIN_000966	S2_TRAIN_000611,S3_TRAIN_000560
S1_TRAIN_000967	S2_TRAIN_000612,S3_TRAIN_000561
S1_TRAIN_000968	S2_TRAIN_000613
S1_TRAIN_000969	S2_TRAIN_000614,S3_TRAIN_000562
S1_TRAIN_000970	S3_TRAIN_000563
S1_TRAIN_000971	S2_TRAIN_000615,S2_TRAIN_000616,S3_TRAIN_000564
S1_TRAIN_000972	
S1_TRAIN_000973	S2_TRAIN_000617
S1_TRAIN_000974	
S1_TRAIN_000975	S2_TRAIN_000618,S3_TRAIN_000565
S1_TRAIN_000976	S3_TRAIN_000566
S1_TRAIN_000977	S2_TRAIN_000619
S1_TRAIN_000978	S2_TRAIN_000620,S3_TRAIN_000567
S1_TRAIN_000979	S3_TRAIN_000568
S1_TRAIN_000980	S3_TRAIN_000569
S1_TRAIN_000981	S2_TRAIN_000621,S3_TRAIN_000570
S1_TRAIN_000982	S2_TRAIN_000622
S1_TRAIN_000983	S2_TRAIN_000623,S3_TRAIN_000571
S1_TRAIN_000984	
S1_TRAIN_000985	
S1_TRAIN_000986	S2_TRAIN_000624,S3_TRAIN_000572
S1_TRAIN_000987	S2_TRAIN_000625,S3_TRAIN_000573
S1_TRAIN_000988	S2_TRAIN_000626,S3_TRAIN_000574
S1_TRAIN_000989	S3_TRAIN_000575
S1_TRAIN_000990	S3_TRAIN_000576
S1_TRAIN_000991	S2_TRAIN_000627,S2_TRAIN_000628,S3_TRAIN_000577
S1_TRAIN_000992	S2_TRAIN_000629
S1_TRAIN_000993	S2_TRAIN_000630,S2_TRAIN_000631,S3_TRAIN_000578
S1_TRAIN_000994	S3_TRAIN_000579
S1_TRAIN_000995	S2_TRAIN_000632,S3_TRAIN_000580
S1_TRAIN_000996	S3_TRAIN_000581
S1_TRAIN_000997	S2_TRAIN_000633,S2_TRAIN_000634,S3_TRAIN_000582
S1_TRAIN_000998	S2_TRAIN_000635
S1_TRAIN_000999	S3_TRAIN_000583
S1_TRAIN_001000	S3_TRAIN_000584
S1_TRAIN_001001	S2_TRAIN_000636
S1_TRAIN_001002	
S1_TRAIN_001003	S2_TRAIN_000637
S1_TRAIN_001004	
S1_TRAIN_001005	S3_TRAIN_000585
S1_TRAIN_001006	S2_TRAIN_000638,S3_TRAIN_000586
S1_TRAIN_001007	S2_TRAIN_000639,S2_TRAIN_000640,S3_TRAIN_000587
S1_TRAIN_001008	S3_TRAIN_000588
S1_TRAIN_001009	
S1_TRAIN_001010	
S1_TRAIN_001011	S2_TRAIN_000641,S2_TRAIN_000642,S3_TRAIN_000589
S1_TRAIN_001012	S2_TRAIN_000643,S2_TRAIN_000644,S3_TRAIN_000590
S1_TRAIN_001013	S2_TRAIN_000645,S2_TRAIN_000646,S3_TRAIN_000591
S1_TRAIN_001014	S2_TRAIN_000647,S2_TRAIN_000648,S3_TRAIN_000592
S1_TRAIN_001015	S2_TRAIN_000649
S1_TRAIN_001016	S2_TRAIN_000650,S3_TRAIN_000593
S1_TRAIN_001017	S2_TRAIN_000651,S2_TRAIN_000652,S3_TRAIN_000594
S1_TRAIN_001018	S2_TRAIN_000653,S2_TRAIN_000654,S3_TRAIN_000595
S1_TRAIN_001019	S2_TRAIN_000655,S3_TRAIN_000596
S1_TRAIN_001020	S3_TRAIN_000597
S1_TRAIN_001021	S2_TRAIN_000656,S3_TRAIN_000598
S1_TRAIN_001022	
S1_TRAIN_001023	S3_TRAIN_000599
S1_TRAIN_001024	S2_TRAIN_000657
S1_TRAIN_001025	
S1_TRAIN_001026	S2_TRAIN_000658,S2_TRAIN_000659,S3_TRAIN_000600
S1_TRAIN_001027	S2_TRAIN_000660,S3_TRAIN_000601
S1_TRAIN_001028	S3_TRAIN_000602
S1_TRAIN_001029	S2_TRAIN_000661,S3_TRAIN_000603
S1_TRAIN_001030	S2_TRAIN_000662,S3_TRAIN_000604
S1_TRAIN_001031	S2_TRAIN_000663
S1_TRAIN_001032	S2_TRAIN_000664,S3_TRAIN_000605
S1_TRAIN_001033	S2_TRAIN_000665
S1_TRAIN_001034	S2_TRAIN_000666,S2_TRAIN_000667,S3_TRAIN_000606
S1_TRAIN_001035	S3_TRAIN_000607
S1_TRAIN_001036	S2_TRAIN_000668,S3_TRAIN_000608
S1_TRAIN_001037	S2_TRAIN_000669
S1_TRAIN_001038	S3_TRAIN_000609
S1_TRAIN_001039	
S1_TRAIN_001040	S2_TRAIN_000670,S2_TRAIN_000671,S3_TRAIN_000610
S1_TRAIN_001041	
S1_TRAIN_001042	
S1_TRAIN_001043	S2_TRAIN_000672,S3_TRAIN_000611
S1_TRAIN_001044	
S1_TRAIN_001045	S2_TRAIN_000673,S3_TRAIN_000612
S1_TRAIN_001046	S2_TRAIN_000674,S2_TRAIN_000675,S3_TRAIN_000613
S1_TRAIN_001047	S2_TRAIN_000676,S3_TRAIN_000614
S1_TRAIN_001048	S3_TRAIN_000615
S1_TRAIN_001049	S2_TRAIN_000677
S1_TRAIN_001050	S3_TRAIN_000616
S1_TRAIN_001051	S3_TRAIN_000617
S1_TRAIN_001052	S2_TRAIN_000678,S2_TRAIN_000679,S3_TRAIN_000618
S1_TRAIN_001053	S2_TRAIN_000680,S3_TRAIN_000619
S1_TRAIN_001054	S2_TRAIN_000681,S2_TRAIN_000682,S3_TRAIN_000620
S1_TRAIN_001055	S2_TRAIN_000683
S1_TRAIN_001056	S2_TRAIN_000684
S1_TRAIN_001057	S3_TRAIN_000621
S1_TRAIN_001058	S2_TRAIN_000685
S1_TRAIN_001059	S3_TRAIN_000622
S1_TRAIN_001060	S2_TRAIN_000686
S1_TRAIN_001061	S2_TRAIN_000687,S3_TRAIN_000623
S1_TRAIN_001062	
S1_TRAIN_001063	S3_TRAIN_000624
S1_TRAIN_001064	S2_TRAIN_000688
S1_TRAIN_001065	S2_TRAIN_000689
S1_TRAIN_001066	S2_TRAIN_000690,S2_TRAIN_000691,S3_TRAIN_000625
S1_TRAIN_001067	
S1_TRAIN_001068	S3_TRAIN_000626
S1_TRAIN_001069	S3_TRAIN_000627
S1_TRAIN_001070	S3_TRAIN_000628
S1_TRAIN_001071	S2_TRAIN_000692,S3_TRAIN_000629
S1_TRAIN_001072	
S1_TRAIN_001073	S2_TRAIN_000693,S3_TRAIN_000630
S1_TRAIN_001074	S2_TRAIN_000694,S2_TRAIN_000695,S3_TRAIN_000631
S1_TRAIN_001075	S2_TRAIN_000696,S2_TRAIN_000697,S3_TRAIN_000632
S1_TRAIN_001076	S3_TRAIN_000633
S1_TRAIN_001077	S3_TRAIN_000634
S1_TRAIN_001078	S3_TRAIN_000635
S1_TRAIN_001079	S2_TRAIN_000698,S2_TRAIN_000699,S3_TRAIN_000636
S1_TRAIN_001080	S2_TRAIN_000700,S3_TRAIN_000637
S1_TRAIN_001081	S2_TRAIN_000701
S1_TRAIN_001082	S3_TRAIN_000638
S1_TRAIN_001083	
S1_TRAIN_001084	S2_TRAIN_000702,S3_TRAIN_000639
S1_TRAIN_001085	S2_TRAIN_000703
S1_TRAIN_001086	S2_TRAIN_000704,S3_TRAIN_000640
S1_TRAIN_001087	S2_TRAIN_000705
S1_TRAIN_001088	S3_TRAIN_000641
S1_TRAIN_001089	S2_TRAIN_000706,S3_TRAIN_000642
S1_TRAIN_001090	S3_TRAIN_000643
S1_TRAIN_001091	S3_TRAIN_000644
S1_TRAIN_001092	
S1_TRAIN_001093	
S1_TRAIN_001094	S2_TRAIN_000707,S3_TRAIN_000645
S1_TRAIN_001095	
S1_TRAIN_001096	
S1_TRAIN_001097	S3_TRAIN_000646
S1_TRAIN_001098	
S1_TRAIN_001099	
S1_TRAIN_001100	S2_TRAIN_000708
S1_TRAIN_001101	
S1_TRAIN_001102	S2_TRAIN_000709
S1_TRAIN_001103	S3_TRAIN_000647
S1_TRAIN_001104	
S1_TRAIN_001105	S3_TRAIN_000648
S1_TRAIN_001106	S3_TRAIN_000649
S1_TRAIN_001107	S3_TRAIN_000650
S1_TRAIN_001108	S2_TRAIN_000710,S2_TRAIN_000711,S3_TRAIN_000651
S1_TRAIN_001109	S3_TRAIN_000652
S1_TRAIN_001110	S2_TRAIN_000712
S1_TRAIN_001111	S3_TRAIN_000653
S1_TRAIN_001112	
S1_TRAIN_001113	
S1_TRAIN_001114	S2_TRAIN_000713
S1_TRAIN_001115	
S1_TRAIN_001116	S2_TRAIN_000714
S1_TRAIN_001117	S2_TRAIN_000715,S3_TRAIN_000654
S1_TRAIN_001118	S2_TRAIN_000716
S1_TRAIN_001119	S2_TRAIN_000717,S3_TRAIN_000655
S1_TRAIN_001120	S3_TRAIN_000656
S1_TRAIN_001121	S2_TRAIN_000718
S1_TRAIN_001122	S2_TRAIN_000719
S1_TRAIN_001123	S2_TRAIN_000720,S2_TRAIN_000721,S3_TRAIN_000657
S1_TRAIN_001124	
S1_TRAIN_001125	S2_TRAIN_000722,S2_TRAIN_000723,S3_TRAIN_000658
S1_TRAIN_001126	
S1_TRAIN_001127	
S1_TRAIN_001128	S2_TRAIN_000724,S3_TRAIN_000659
S1_TRAIN_001129	S2_TRAIN_000725
S1_TRAIN_001130	S3_TRAIN_000660
S1_TRAIN_001131	
S1_TRAIN_001132	S3_TRAIN_000661
S1_TRAIN_001133	S2_TRAIN_000726,S3_TRAIN_000662
S1_TRAIN_001134	S2_TRAIN_000727
S1_TRAIN_001135	S3_TRAIN_000663
S1_TRAIN_001136	
S1_TRAIN_001137	S2_TRAIN_000728
S1_TRAIN_001138	S2_TRAIN_000729,S3_TRAIN_000664
S1_TRAIN_001139	S2_TRAIN_000730
S1_TRAIN_001140	S2_TRAIN_000731,S2_TRAIN_000732,S3_TRAIN_000665
S1_TRAIN_001141	S3_TRAIN_000666
S1_TRAIN_001142	S3_TRAIN_000667
S1_TRAIN_001143	S2_TRAIN_000733,S2_TRAIN_000734,S3_TRAIN_000668
S1_TRAIN_001144	S2_TRAIN_000735
S1_TRAIN_001145	S2_TRAIN_000736,S2_TRAIN_000737,S3_TRAIN_000669
S1_TRAIN_001146	S2_TRAIN_000738,S3_TRAIN_000670
S1_TRAIN_001147	S3_TRAIN_000671
S1_TRAIN_001148	
S1_TRAIN_001149	S3_TRAIN_000672
S1_TRAIN_001150	S3_TRAIN_000673
S1_TRAIN_001151	S3_TRAIN_000674
S1_TRAIN_001152	
S1_TRAIN_001153	S2_TRAIN_000739,S3_TRAIN_000675
S1_TRAIN_001154	
S1_TRAIN_001155	S2_TRAIN_000740,S3_TRAIN_000676
S1_TRAIN_001156	S2_TRAIN_000741,S3_TRAIN_000677
S1_TRAIN_001157	S2_TRAIN_000742
S1_TRAIN_001158	S3_TRAIN_000678
S1_TRAIN_001159	S3_TRAIN_000679
S1_TRAIN_001160	S3_TRAIN_000680
S1_TRAIN_001161	S2_TRAIN_000743
S1_TRAIN_001162	S3_TRAIN_000681
S1_TRAIN_001163	
S1_TRAIN_001164	S2_TRAIN_000744,S3_TRAIN_000682
S1_TRAIN_001165	S2_TRAIN_000745,S3_TRAIN_000683
S1_TRAIN_001166	S2_TRAIN_000746,S3_TRAIN_000684
S1_TRAIN_001167	S2_TRAIN_000747,S3_TRAIN_000685
S1_TRAIN_001168	S2_TRAIN_000748,S2_TRAIN_000749,S3_TRAIN_000686
S1_TRAIN_001169	S2_TRAIN_000750,S3_TRAIN_000687
S1_TRAIN_001170	S2_TRAIN_000751
S1_TRAIN_001171	S2_TRAIN_000752,S3_TRAIN_000688
S1_TRAIN_001172	
S1_TRAIN_001173	S2_TRAIN_000753
S1_TRAIN_001174	S3_TRAIN_000689
S1_TRAIN_001175	S2_TRAIN_000754,S3_TRAIN_000690
S1_TRAIN_001176	S2_TRAIN_000755
S1_TRAIN_001177	
S1_TRAIN_001178	S2_TRAIN_000756,S3_TRAIN_000691
S1_TRAIN_001179	S3_TRAIN_000692
S1_TRAIN_001180	S2_TRAIN_000757
S1_TRAIN_001181	
S1_TRAIN_001182	S2_TRAIN_000758
S1_TRAIN_001183	S2_TRAIN_000759
S1_TRAIN_001184	
S1_TRAIN_001185	S2_TRAIN_000760
S1_TRAIN_001186	S2_TRAIN_000761
S1_TRAIN_001187	S3_TRAIN_000693
S1_TRAIN_001188	
S1_TRAIN_001189	S2_TRAIN_000762,S3_TRAIN_000694
S1_TRAIN_001190	
S1_TRAIN_001191	S2_TRAIN_000763,S3_TRAIN_000695
S1_TRAIN_001192	S3_TRAIN_000696
S1_TRAIN_001193	S2_TRAIN_000764,S3_TRAIN_000697
S1_TRAIN_001194	
S1_TRAIN_001195	
S1_TRAIN_001196	S2_TRAIN_000765
S1_TRAIN_001197	
S1_TRAIN_001198	
S1_TRAIN_001199	S2_TRAIN_000766
S1_TRAIN_001200	
S1_TRAIN_001201	S2_TRAIN_000767,S3_TRAIN_000698
S1_TRAIN_001202	S2_TRAIN_000768,S2_TRAIN_000769,S3_TRAIN_000699
S1_TRAIN_001203	S3_TRAIN_000700
S1_TRAIN_001204	S2_TRAIN_000770,S3_TRAIN_000701
S1_TRAIN_001205	S3_TRAIN_000702
S1_TRAIN_001206	S3_TRAIN_000703
S1_TRAIN_001207	S2_TRAIN_000771,S3_TRAIN_000704
S1_TRAIN_001208	
S1_TRAIN_001209	S3_TRAIN_000705
S1_TRAIN_001210	
S1_TRAIN_001211	S2_TRAIN_000772
S1_TRAIN_001212	S2_TRAIN_000773
S1_TRAIN_001213	S2_TRAIN_000774
S1_TRAIN_001214	
S1_TRAIN_001215	S2_TRAIN_000775,S3_TRAIN_000706
S1_TRAIN_001216	S2_TRAIN_000776
S1_TRAIN_001217	S2_TRAIN_000777
S1_TRAIN_001218	S2_TRAIN_000778
S1_TRAIN_001219	S2_TRAIN_000779,S3_TRAIN_000707
S1_TRAIN_001220	S2_TRAIN_000780,S3_TRAIN_000708
S1_TRAIN_001221	S2_TRAIN_000781,S3_TRAIN_000709
S1_TRAIN_001222	
S1_TRAIN_001223	S2_TRAIN_000782
S1_TRAIN_001224	S3_TRAIN_000710
S1_TRAIN_001225	S2_TRAIN_000783,S2_TRAIN_000784,S3_TRAIN_000711
S1_TRAIN_001226	S3_TRAIN_000712
S1_TRAIN_001227	S2_TRAIN_000785
S1_TRAIN_001228	S2_TRAIN_000786
S1_TRAIN_001229	S2_TRAIN_000787,S2_TRAIN_000788,S3_TRAIN_000713
S1_TRAIN_001230	S2_TRAIN_000789,S2_TRAIN_000790,S3_TRAIN_000714
S1_TRAIN_001231	S2_TRAIN_000791
S1_TRAIN_001232	S2_TRAIN_000792,S3_TRAIN_000715
S1_TRAIN_001233	S2_TRAIN_000793,S3_TRAIN_000716
S1_TRAIN_001234	S2_TRAIN_000794,S3_TRAIN_000717
S1_TRAIN_001235	S3_TRAIN_000718
S1_TRAIN_001236	S2_TRAIN_000795,S3_TRAIN_000719
S1_TRAIN_001237	S2_TRAIN_000796
S1_TRAIN_001238	S2_TRAIN_000797,S3_TRAIN_000720
S1_TRAIN_001239	S3_TRAIN_000721
S1_TRAIN_001240	S3_TRAIN_000722
S1_TRAIN_001241	S2_TRAIN_000798,S3_TRAIN_000723
S1_TRAIN_001242	S2_TRAIN_000799
S1_TRAIN_001243	S2_TRAIN_000800,S3_TRAIN_000724
S1_TRAIN_001244	
S1_TRAIN_001245	S2_TRAIN_000801
S1_TRAIN_001246	S2_TRAIN_000802,S3_TRAIN_000725
S1_TRAIN_001247	S2_TRAIN_000803,S3_TRAIN_000726
S1_TRAIN_001248	S2_TRAIN_000804
S1_TRAIN_001249	
S1_TRAIN_001250	S2_TRAIN_000805
S1_TRAIN_001251	S2_TRAIN_000806
S1_TRAIN_001252	S2_TRAIN_000807,S2_TRAIN_000808,S3_TRAIN_000727
S1_TRAIN_001253	
S1_TRAIN_001254	S2_TRAIN_000809,S2_TRAIN_000810,S3_TRAIN_000728
S1_TRAIN_001255	S2_TRAIN_000811
S1_TRAIN_001256	S2_TRAIN_000812,S3_TRAIN_000729
S1_TRAIN_001257	S2_TRAIN_000813
S1_TRAIN_001258	
S1_TRAIN_001259	S2_TRAIN_000814
S1_TRAIN_001260	S2_TRAIN_000815,S3_TRAIN_000730
S1_TRAIN_001261	S3_TRAIN_000731
S1_TRAIN_001262	S2_TRAIN_000816,S2_TRAIN_000817,S3_TRAIN_000732
S1_TRAIN_001263	S2_TRAIN_000818,S3_TRAIN_000733
S1_TRAIN_001264	S3_TRAIN_000734
S1_TRAIN_001265	S2_TRAIN_000819
S1_TRAIN_001266	S2_TRAIN_000820
S1_TRAIN_001267	S2_TRAIN_000821
S1_TRAIN_001268	S3_TRAIN_000735
S1_TRAIN_001269	S2_TRAIN_000822
S1_TRAIN_001270	
S1_TRAIN_001271	S2_TRAIN_000823
S1_TRAIN_001272	S2_TRAIN_000824
S1_TRAIN_001273	S2_TRAIN_000825,S3_TRAIN_000736
S1_TRAIN_001274	S3_TRAIN_000737
S1_TRAIN_001275	S2_TRAIN_000826,S3_TRAIN_000738
S1_TRAIN_001276	S3_TRAIN_000739
S1_TRAIN_001277	
S1_TRAIN_001278	
S1_TRAIN_001279	S3_TRAIN_000740
S1_TRAIN_001280	S3_TRAIN_000741
S1_TRAIN_001281	S3_TRAIN_000742
S1_TRAIN_001282	S2_TRAIN_000827,S3_TRAIN_000743
S1_TRAIN_001283	
S1_TRAIN_001284	S2_TRAIN_000828,S3_TRAIN_000744
S1_TRAIN_001285	S2_TRAIN_000829,S3_TRAIN_000745
S1_TRAIN_001286	S3_TRAIN_000746
S1_TRAIN_001287	S2_TRAIN_000830,S3_TRAIN_000747
S1_TRAIN_001288	S2_TRAIN_000831,S3_TRAIN_000748
S1_TRAIN_001289	S2_TRAIN_000832
S1_TRAIN_001290	S3_TRAIN_000749
S1_TRAIN_001291	S3_TRAIN_000750
S1_TRAIN_001292	
S1_TRAIN_001293	S3_TRAIN_000751
S1_TRAIN_001294	S3_TRAIN_000752
S1_TRAIN_001295	S3_TRAIN_000753
S1_TRAIN_001296	S2_TRAIN_000833,S3_TRAIN_000754
S1_TRAIN_001297	S2_TRAIN_000834,S3_TRAIN_000755
S1_TRAIN_001298	
S1_TRAIN_001299	S2_TRAIN_000835
S1_TRAIN_001300	
S1_TRAIN_001301	S3_TRAIN_000756
S1_TRAIN_001302	
S1_TRAIN_001303	S2_TRAIN_000836,S2_TRAIN_000837,S3_TRAIN_000757
S1_TRAIN_001304	S2_TRAIN_000838
S1_TRAIN_001305	S2_TRAIN_000839,S3_TRAIN_000758
S1_TRAIN_001306	S2_TRAIN_000840
S1_TRAIN_001307	S2_TRAIN_000841,S3_TRAIN_000759
S1_TRAIN_001308	S2_TRAIN_000842
S1_TRAIN_001309	S2_TRAIN_000843,S3_TRAIN_000760
S1_TRAIN_001310	
S1_TRAIN_001311	S2_TRAIN_000844,S3_TRAIN_000761
S1_TRAIN_001312	
S1_TRAIN_001313	
S1_TRAIN_001314	S2_TRAIN_000845,S3_TRAIN_000762
S1_TRAIN_001315	
S1_TRAIN_001316	S3_TRAIN_000763
S1_TRAIN_001317	
S1_TRAIN_001318	S3_TRAIN_000764
S1_TRAIN_001319	S2_TRAIN_000846,S3_TRAIN_000765
S1_TRAIN_001320	S2_TRAIN_000847,S2_TRAIN_000848,S3_TRAIN_000766
S1_TRAIN_001321	S2_TRAIN_000849
S1_TRAIN_001322	S3_TRAIN_000767
S1_TRAIN_001323	
S1_TRAIN_001324	S2_TRAIN_000850
S1_TRAIN_001325	S2_TRAIN_000851,S3_TRAIN_000768
S1_TRAIN_001326	S3_TRAIN_000769
S1_TRAIN_001327	S3_TRAIN_000770
S1_TRAIN_001328	S2_TRAIN_000852,S2_TRAIN_000853,S3_TRAIN_000771
S1_TRAIN_001329	S2_TRAIN_000854
S1_TRAIN_001330	S2_TRAIN_000855,S3_TRAIN_000772
S1_TRAIN_001331	S3_TRAIN_000773
S1_TRAIN_001332	S2_TRAIN_000856
S1_TRAIN_001333	
S1_TRAIN_001334	S2_TRAIN_000857
S1_TRAIN_001335	S2_TRAIN_000858
S1_TRAIN_001336	S2_TRAIN_000859,S2_TRAIN_000860,S3_TRAIN_000774
S1_TRAIN_001337	
S1_TRAIN_001338	S2_TRAIN_000861,S2_TRAIN_000862,S3_TRAIN_000775
S1_TRAIN_001339	S2_TRAIN_000863,S2_TRAIN_000864,S3_TRAIN_000776
S1_TRAIN_001340	
S1_TRAIN_001341	S2_TRAIN_000865,S2_TRAIN_000866,S3_TRAIN_000777
S1_TRAIN_001342	S2_TRAIN_000867,S3_TRAIN_000778
S1_TRAIN_001343	
S1_TRAIN_001344	
S1_TRAIN_001345	S2_TRAIN_000868
S1_TRAIN_001346	
S1_TRAIN_001347	
S1_TRAIN_001348	S2_TRAIN_000869
S1_TRAIN_001349	S3_TRAIN_000779
S1_TRAIN_001350	S2_TRAIN_000870,S3_TRAIN_000780
S1_TRAIN_001351	
S1_TRAIN_001352	S3_TRAIN_000781
S1_TRAIN_001353	
S1_TRAIN_001354	S2_TRAIN_000871,S3_TRAIN_000782
S1_TRAIN_001355	S2_TRAIN_000872,S3_TRAIN_000783
S1_TRAIN_001356	S2_TRAIN_000873,S3_TRAIN_000784
S1_TRAIN_001357	S2_TRAIN_000874
S1_TRAIN_001358	S2_TRAIN_000875,S3_TRAIN_000785
S1_TRAIN_001359	S3_TRAIN_000786
S1_TRAIN_001360	S3_TRAIN_000787
S1_TRAIN_001361	S2_TRAIN_000876,S3_TRAIN_000788
S1_TRAIN_001362	S3_TRAIN_000789
S1_TRAIN_001363	S3_TRAIN_000790
S1_TRAIN_001364	S2_TRAIN_000877,S3_TRAIN_000791
S1_TRAIN_001365	S2_TRAIN_000878,S2_TRAIN_000879,S3_TRAIN_000792
S1_TRAIN_001366	S2_TRAIN_000880,S3_TRAIN_000793
S1_TRAIN_001367	S2_TRAIN_000881
S1_TRAIN_001368	S2_TRAIN_000882,S2_TRAIN_000883,S3_TRAIN_000794
S1_TRAIN_001369	S2_TRAIN_000884
S1_TRAIN_001370	
S1_TRAIN_001371	S2_TRAIN_000885,S2_TRAIN_000886,S3_TRAIN_000795
S1_TRAIN_001372	S2_TRAIN_000887,S3_TRAIN_000796
S1_TRAIN_001373	S2_TRAIN_000888,S2_TRAIN_000889,S3_TRAIN_000797
S1_TRAIN_001374	S3_TRAIN_000798
S1_TRAIN_001375	S3_TRAIN_000799
S1_TRAIN_001376	S2_TRAIN_000890
S1_TRAIN_001377	S3_TRAIN_000800
S1_TRAIN_001378	S2_TRAIN_000891
S1_TRAIN_001379	S3_TRAIN_000801
S1_TRAIN_001380	S3_TRAIN_000802
S1_TRAIN_001381	S3_TRAIN_000803
S1_TRAIN_001382	S3_TRAIN_000804
S1_TRAIN_001383	S3_TRAIN_000805
S1_TRAIN_001384	S3_TRAIN_000806
S1_TRAIN_001385	S2_TRAIN_000892,S2_TRAIN_000893,S3_TRAIN_000807
S1_TRAIN_001386	
S1_TRAIN_001387	S2_TRAIN_000894
S1_TRAIN_001388	
S1_TRAIN_001389	S2_TRAIN_000895,S3_TRAIN_000808
S1_TRAIN_001390	S2_TRAIN_000896
S1_TRAIN_001391	S2_TRAIN_000897,S2_TRAIN_000898,S3_TRAIN_000809
S1_TRAIN_001392	S2_TRAIN_000899
S1_TRAIN_001393	S2_TRAIN_000900,S3_TRAIN_000810
S1_TRAIN_001394	
S1_TRAIN_001395	S2_TRAIN_000901
S1_TRAIN_001396	S2_TRAIN_000902
S1_TRAIN_001397	
S1_TRAIN_001398	S3_TRAIN_000811
S1_TRAIN_001399	S2_TRAIN_000903,S2_TRAIN_000904,S3_TRAIN_000812
S1_TRAIN_001400	S3_TRAIN_000813
S1_TRAIN_001401	S2_TRAIN_000905,S2_TRAIN_000906,S3_TRAIN_000814
S1_TRAIN_001402	S2_TRAIN_000907
S1_TRAIN_001403	S2_TRAIN_000908,S3_TRAIN_000815
S1_TRAIN_001404	S3_TRAIN_000816
S1_TRAIN_001405	
S1_TRAIN_001406	S2_TRAIN_000909
S1_TRAIN_001407	S3_TRAIN_000817
S1_TRAIN_001408	
S1_TRAIN_001409	S2_TRAIN_000910,S3_TRAIN_000818
S1_TRAIN_001410	
S1_TRAIN_001411	S2_TRAIN_000911,S2_TRAIN_000912,S3_TRAIN_000819
S1_TRAIN_001412	S2_TRAIN_000913,S3_TRAIN_000820
S1_TRAIN_001413	S2_TRAIN_000914
S1_TRAIN_001414	S2_TRAIN_000915,S2_TRAIN_000916,S3_TRAIN_000821
S1_TRAIN_001415	S2_TRAIN_000917,S3_TRAIN_000822
S1_TRAIN_001416	S3_TRAIN_000823
S1_TRAIN_001417	
S1_TRAIN_001418	
S1_TRAIN_001419	S2_TRAIN_000918,S3_TRAIN_000824
S1_TRAIN_001420	S2_TRAIN_000919,S3_TRAIN_000825
S1_TRAIN_001421	S2_TRAIN_000920,S3_TRAIN_000826
S1_TRAIN_001422	S2_TRAIN_000921,S3_TRAIN_000827
S1_TRAIN_001423	S2_TRAIN_000922,S3_TRAIN_000828
S1_TRAIN_001424	
S1_TRAIN_001425	S2_TRAIN_000923
S1_TRAIN_001426	S3_TRAIN_000829
S1_TRAIN_001427	S2_TRAIN_000924,S3_TRAIN_000830
S1_TRAIN_001428	S2_TRAIN_000925,S3_TRAIN_000831
S1_TRAIN_001429	S2_TRAIN_000926,S2_TRAIN_000927,S3_TRAIN_000832
S1_TRAIN_001430	S2_TRAIN_000928,S3_TRAIN_000833
S1_TRAIN_001431	S2_TRAIN_000929
S1_TRAIN_001432	S2_TRAIN_000930
S1_TRAIN_001433	S3_TRAIN_000834
S1_TRAIN_001434	S3_TRAIN_000835
S1_TRAIN_001435	
S1_TRAIN_001436	S3_TRAIN_000836
S1_TRAIN_001437	S2_TRAIN_000931,S3_TRAIN_000837
S1_TRAIN_001438	S2_TRAIN_000932,S2_TRAIN_000933,S3_TRAIN_000838
S1_TRAIN_001439	
S1_TRAIN_001440	S2_TRAIN_000934
S1_TRAIN_001441	S2_TRAIN_000935,S3_TRAIN_000839
S1_TRAIN_001442	S2_TRAIN_000936
S1_TRAIN_001443	S3_TRAIN_000840
S1_TRAIN_001444	S2_TRAIN_000937
S1_TRAIN_001445	S2_TRAIN_000938,S2_TRAIN_000939,S3_TRAIN_000841
S1_TRAIN_001446	S2_TRAIN_000940,S3_TRAIN_000842
S1_TRAIN_001447	
S1_TRAIN_001448	S3_TRAIN_000843
S1_TRAIN_001449	S2_TRAIN_000941,S2_TRAIN_000942,S3_TRAIN_000844
S1_TRAIN_001450	S2_TRAIN_000943,S3_TRAIN_000845
S1_TRAIN_001451	S2_TRAIN_000944,S2_TRAIN_000945,S3_TRAIN_000846
S1_TRAIN_001452	
S1_TRAIN_001453	S2_TRAIN_000946,S3_TRAIN_000847
S1_TRAIN_001454	S3_TRAIN_000848
S1_TRAIN_001455	S2_TRAIN_000947
S1_TRAIN_001456	S2_TRAIN_000948
S1_TRAIN_001457	S2_TRAIN_000949
S1_TRAIN_001458	
S1_TRAIN_001459	
S1_TRAIN_001460	
S1_TRAIN_001461	S2_TRAIN_000950
S1_TRAIN_001462	S2_TRAIN_000951,S3_TRAIN_000849
S1_TRAIN_001463	S2_TRAIN_000952
S1_TRAIN_001464	
S1_TRAIN_001465	S2_TRAIN_000953,S2_TRAIN_000954,S3_TRAIN_000850
S1_TRAIN_001466	S2_TRAIN_000955
S1_TRAIN_001467	S2_TRAIN_000956
S1_TRAIN_001468	
S1_TRAIN_001469	S2_TRAIN_000957
S1_TRAIN_001470	S3_TRAIN_000851
S1_TRAIN_001471	S2_TRAIN_000958,S3_TRAIN_000852
S1_TRAIN_001472	S2_TRAIN_000959
S1_TRAIN_001473	S2_TRAIN_000960
S1_TRAIN_001474	
S1_TRAIN_001475	S2_TRAIN_000961,S3_TRAIN_000853
S1_TRAIN_001476	
S1_TRAIN_001477	S3_TRAIN_000854
S1_TRAIN_001478	
S1_TRAIN_001479	S2_TRAIN_000962,S2_TRAIN_000963,S3_TRAIN_000855
S1_TRAIN_001480	
S1_TRAIN_001481	S2_TRAIN_000964
S1_TRAIN_001482	S2_TRAIN_000965,S3_TRAIN_000856
S1_TRAIN_001483	S2_TRAIN_000966,S2_TRAIN_000967,S3_TRAIN_000857
S1_TRAIN_001484	
S1_TRAIN_001485	S2_TRAIN_000968
S1_TRAIN_001486	S2_TRAIN_000969,S3_TRAIN_000858
S1_TRAIN_001487	
S1_TRAIN_001488	S3_TRAIN_000859
S1_TRAIN_001489	S2_TRAIN_000970,S3_TRAIN_000860
S1_TRAIN_001490	S2_TRAIN_000971
S1_TRAIN_001491	S2_TRAIN_000972
S1_TRAIN_001492	S2_TRAIN_000973,S3_TRAIN_000861
S1_TRAIN_001493	S3_TRAIN_000862
S1_TRAIN_001494	S2_TRAIN_000974,S3_TRAIN_000863
S1_TRAIN_001495	
S1_TRAIN_001496	
S1_TRAIN_001497	S2_TRAIN_000975,S3_TRAIN_000864
S1_TRAIN_001498	S3_TRAIN_000865
S1_TRAIN_001499	S3_TRAIN_000866
S1_TRAIN_001500	
S1_TRAIN_001501	S3_TRAIN_000867
S1_TRAIN_001502	S2_TRAIN_000976,S3_TRAIN_000868
S1_TRAIN_001503	S2_TRAIN_000977
S1_TRAIN_001504	S2_TRAIN_000978
S1_TRAIN_001505	S2_TRAIN_000979,S3_TRAIN_000869
S1_TRAIN_001506	S3_TRAIN_000870
S1_TRAIN_001507	S2_TRAIN_000980,S3_TRAIN_000871
S1_TRAIN_001508	S3_TRAIN_000872
S1_TRAIN_001509	S2_TRAIN_000981,S3_TRAIN_000873
S1_TRAIN_001510	
S1_TRAIN_001511	S2_TRAIN_000982,S3_TRAIN_000874
S1_TRAIN_001512	
S1_TRAIN_001513	S2_TRAIN_000983,S3_TRAIN_000875
S1_TRAIN_001514	S2_TRAIN_000984
S1_TRAIN_001515	S2_TRAIN_000985,S3_TRAIN_000876
S1_TRAIN_001516	S2_TRAIN_000986,S3_TRAIN_000877
S1_TRAIN_001517	S2_TRAIN_000987
S1_TRAIN_001518	S2_TRAIN_000988,S3_TRAIN_000878
S1_TRAIN_001519	S2_TRAIN_000989
S1_TRAIN_001520	S2_TRAIN_000990
S1_TRAIN_001521	
S1_TRAIN_001522	S2_TRAIN_000991,S2_TRAIN_000992,S3_TRAIN_000879
S1_TRAIN_001523	S2_TRAIN_000993
S1_TRAIN_001524	
S1_TRAIN_001525	S3_TRAIN_000880
S1_TRAIN_001526	S2_TRAIN_000994,S3_TRAIN_000881
S1_TRAIN_001527	S2_TRAIN_000995
S1_TRAIN_001528	
S1_TRAIN_001529	S2_TRAIN_000996,S2_TRAIN_000997,S3_TRAIN_000882
S1_TRAIN_001530	S3_TRAIN_000883
S1_TRAIN_001531	S2_TRAIN_000998,S2_TRAIN_000999,S3_TRAIN_000884
S1_TRAIN_001532	S2_TRAIN_001000,S3_TRAIN_000885
S1_TRAIN_001533	
S1_TRAIN_001534	S2_TRAIN_001001,S3_TRAIN_000886
S1_TRAIN_001535	S2_TRAIN_001002,S3_TRAIN_000887
S1_TRAIN_001536	
S1_TRAIN_001537	S2_TRAIN_001003
S1_TRAIN_001538	
S1_TRAIN_001539	S3_TRAIN_000888
S1_TRAIN_001540	S2_TRAIN_001004,S2_TRAIN_001005,S3_TRAIN_000889
S1_TRAIN_001541	S2_TRAIN_001006
S1_TRAIN_001542	S2_TRAIN_001007
S1_TRAIN_001543	S3_TRAIN_000890
S1_TRAIN_001544	S3_TRAIN_000891
S1_TRAIN_001545	
S1_TRAIN_001546	S2_TRAIN_001008
S1_TRAIN_001547	S3_TRAIN_000892
S1_TRAIN_001548	S3_TRAIN_000893
S1_TRAIN_001549	S2_TRAIN_001009,S3_TRAIN_000894
S1_TRAIN_001550	
S1_TRAIN_001551	S3_TRAIN_000895
S1_TRAIN_001552	S3_TRAIN_000896
S1_TRAIN_001553	S3_TRAIN_000897
S1_TRAIN_001554	
S1_TRAIN_001555	S2_TRAIN_001010,S3_TRAIN_000898
S1_TRAIN_001556	S2_TRAIN_001011,S3_TRAIN_000899
S1_TRAIN_001557	S3_TRAIN_000900
S1_TRAIN_001558	S2_TRAIN_001012,S3_TRAIN_000901
S1_TRAIN_001559	S2_TRAIN_001013,S3_TRAIN_000902
S1_TRAIN_001560	S3_TRAIN_000903
S1_TRAIN_001561	S2_TRAIN_001014,S3_TRAIN_000904
S1_TRAIN_001562	S2_TRAIN_001015,S2_TRAIN_001016,S3_TRAIN_000905
S1_TRAIN_001563	S3_TRAIN_000906
S1_TRAIN_001564	S2_TRAIN_001017,S3_TRAIN_000907
S1_TRAIN_001565	S3_TRAIN_000908
S1_TRAIN_001566	S2_TRAIN_001018,S3_TRAIN_000909
S1_TRAIN_001567	
S1_TRAIN_001568	
S1_TRAIN_001569	S2_TRAIN_001019,S3_TRAIN_000910
S1_TRAIN_001570	S2_TRAIN_001020
S1_TRAIN_001571	
S1_TRAIN_001572	S2_TRAIN_001021,S3_TRAIN_000911
S1_TRAIN_001573	S2_TRAIN_001022,S2_TRAIN_001023,S3_TRAIN_000912
S1_TRAIN_001574	S3_TRAIN_000913
S1_TRAIN_001575	S3_TRAIN_000914
S1_TRAIN_001576	S2_TRAIN_001024,S3_TRAIN_000915
S1_TRAIN_001577	S2_TRAIN_001025
S1_TRAIN_001578	S2_TRAIN_001026,S3_TRAIN_000916
S1_TRAIN_001579	S3_TRAIN_000917
S1_TRAIN_001580	S2_TRAIN_001027,S3_TRAIN_000918
S1_TRAIN_001581	S2_TRAIN_001028
S1_TRAIN_001582	S2_TRAIN_001029,S3_TRAIN_000919
S1_TRAIN_001583	
S1_TRAIN_001584	S3_TRAIN_000920
S1_TRAIN_001585	
S1_TRAIN_001586	S2_TRAIN_001030
S1_TRAIN_001587	S2_TRAIN_001031
S1_TRAIN_001588	S2_TRAIN_001032,S3_TRAIN_000921
S1_TRAIN_001589	
S1_TRAIN_001590	S3_TRAIN_000922
S1_TRAIN_001591	S2_TRAIN_001033
S1_TRAIN_001592	S3_TRAIN_000923
S1_TRAIN_001593	S2_TRAIN_001034,S2_TRAIN_001035,S3_TRAIN_000924
S1_TRAIN_001594	S2_TRAIN_001036,S2_TRAIN_001037,S3_TRAIN_000925
S1_TRAIN_001595	
S1_TRAIN_001596	S2_TRAIN_001038,S3_TRAIN_000926
S1_TRAIN_001597	S3_TRAIN_000927
S1_TRAIN_001598	
S1_TRAIN_001599	
S1_TRAIN_001600	
S1_TRAIN_001601	
S1_TRAIN_001602	S2_TRAIN_001039,S3_TRAIN_000928
S1_TRAIN_001603	
S1_TRAIN_001604	S3_TRAIN_000929
S1_TRAIN_001605	S3_TRAIN_000930
S1_TRAIN_001606	
S1_TRAIN_001607	S2_TRAIN_001040,S3_TRAIN_000931
S1_TRAIN_001608	
S1_TRAIN_001609	S2_TRAIN_001041
S1_TRAIN_001610	
S1_TRAIN_001611	S3_TRAIN_000932
S1_TRAIN_001612	S2_TRAIN_001042
S1_TRAIN_001613	S2_TRAIN_001043,S3_TRAIN_000933
S1_TRAIN_001614	S2_TRAIN_001044,S3_TRAIN_000934
S1_TRAIN_001615	S3_TRAIN_000935
S1_TRAIN_001616	
S1_TRAIN_001617	S3_TRAIN_000936
S1_TRAIN_001618	
S1_TRAIN_001619	S2_TRAIN_001045,S3_TRAIN_000937
S1_TRAIN_001620	S2_TRAIN_001046
S1_TRAIN_001621	S3_TRAIN_000938
S1_TRAIN_001622	S2_TRAIN_001047,S3_TRAIN_000939
S1_TRAIN_001623	S2_TRAIN_001048,S3_TRAIN_000940
S1_TRAIN_001624	S2_TRAIN_001049,S3_TRAIN_000941
S1_TRAIN_001625	S2_TRAIN_001050,S3_TRAIN_000942
S1_TRAIN_001626	S3_TRAIN_000943
S1_TRAIN_001627	S3_TRAIN_000944
S1_TRAIN_001628	S2_TRAIN_001051
S1_TRAIN_001629	S2_TRAIN_001052,S3_TRAIN_000945
S1_TRAIN_001630	S2_TRAIN_001053,S3_TRAIN_000946
S1_TRAIN_001631	S3_TRAIN_000947
S1_TRAIN_001632	S2_TRAIN_001054,S3_TRAIN_000948
S1_TRAIN_001633	S2_TRAIN_001055
S1_TRAIN_001634	
S1_TRAIN_001635	S2_TRAIN_001056,S3_TRAIN_000949
S1_TRAIN_001636	S3_TRAIN_000950
S1_TRAIN_001637	S2_TRAIN_001057,S3_TRAIN_000951
S1_TRAIN_001638	S2_TRAIN_001058,S3_TRAIN_000952
S1_TRAIN_001639	S2_TRAIN_001059
S1_TRAIN_001640	S3_TRAIN_000953
S1_TRAIN_001641	S2_TRAIN_001060,S3_TRAIN_000954
S1_TRAIN_001642	S2_TRAIN_001061,S2_TRAIN_001062,S3_TRAIN_000955
S1_TRAIN_001643	S2_TRAIN_001063
S1_TRAIN_001644	
S1_TRAIN_001645	S2_TRAIN_001064,S3_TRAIN_000956
S1_TRAIN_001646	S2_TRAIN_001065,S3_TRAIN_000957
S1_TRAIN_001647	S3_TRAIN_000958
S1_TRAIN_001648	
S1_TRAIN_001649	S2_TRAIN_001066
S1_TRAIN_001650	S2_TRAIN_001067
S1_TRAIN_001651	S2_TRAIN_001068,S3_TRAIN_000959
S1_TRAIN_001652	S3_TRAIN_000960
S1_TRAIN_001653	S2_TRAIN_001069
S1_TRAIN_001654	S2_TRAIN_001070,S3_TRAIN_000961
S1_TRAIN_001655	
S1_TRAIN_001656	S2_TRAIN_001071,S3_TRAIN_000962
S1_TRAIN_001657	S2_TRAIN_001072,S3_TRAIN_000963
S1_TRAIN_001658	S2_TRAIN_001073,S3_TRAIN_000964
S1_TRAIN_001659	S2_TRAIN_001074
S1_TRAIN_001660	S2_TRAIN_001075,S2_TRAIN_001076,S3_TRAIN_000965
S1_TRAIN_001661	S3_TRAIN_000966
S1_TRAIN_001662	S2_TRAIN_001077,S2_TRAIN_001078,S3_TRAIN_000967
S1_TRAIN_001663	S2_TRAIN_001079,S2_TRAIN_001080,S3_TRAIN_000968
S1_TRAIN_001664	S2_TRAIN_001081
S1_TRAIN_001665	S2_TRAIN_001082,S3_TRAIN_000969
S1_TRAIN_001666	S2_TRAIN_001083,S3_TRAIN_000970
S1_TRAIN_001667	S3_TRAIN_000971
S1_TRAIN_001668	
S1_TRAIN_001669	S2_TRAIN_001084,S2_TRAIN_001085,S3_TRAIN_000972
S1_TRAIN_001670	S2_TRAIN_001086,S3_TRAIN_000973
S1_TRAIN_001671	S2_TRAIN_001087,S2_TRAIN_001088,S3_TRAIN_000974
S1_TRAIN_001672	S2_TRAIN_001089
S1_TRAIN_001673	
S1_TRAIN_001674	
S1_TRAIN_001675	S2_TRAIN_001090
S1_TRAIN_001676	
S1_TRAIN_001677	S2_TRAIN_001091
S1_TRAIN_001678	S2_TRAIN_001092,S3_TRAIN_000975
S1_TRAIN_001679	
S1_TRAIN_001680	S2_TRAIN_001093,S2_TRAIN_001094,S3_TRAIN_000976
S1_TRAIN_001681	S2_TRAIN_001095
S1_TRAIN_001682	
S1_TRAIN_001683	S2_TRAIN_001096,S3_TRAIN_000977
S1_TRAIN_001684	S2_TRAIN_001097,S3_TRAIN_000978
S1_TRAIN_001685	
S1_TRAIN_001686	S3_TRAIN_000979
S1_TRAIN_001687	S3_TRAIN_000980
S1_TRAIN_001688	S2_TRAIN_001098,S3_TRAIN_000981
S1_TRAIN_001689	S3_TRAIN_000982
S1_TRAIN_001690	S3_TRAIN_000983
S1_TRAIN_001691	S2_TRAIN_001099,S3_TRAIN_000984
S1_TRAIN_001692	S2_TRAIN_001100,S2_TRAIN_001101,S3_TRAIN_000985
S1_TRAIN_001693	S2_TRAIN_001102,S3_TRAIN_000986
S1_TRAIN_001694	S3_TRAIN_000987
S1_TRAIN_001695	S2_TRAIN_001103,S3_TRAIN_000988
S1_TRAIN_001696	S2_TRAIN_001104,S3_TRAIN_000989
S1_TRAIN_001697	S3_TRAIN_000990
S1_TRAIN_001698	
S1_TRAIN_001699	S2_TRAIN_001105,S2_TRAIN_001106,S3_TRAIN_000991
S1_TRAIN_001700	S2_TRAIN_001107,S3_TRAIN_000992
S1_TRAIN_001701	S2_TRAIN_001108,S3_TRAIN_000993
S1_TRAIN_001702	S2_TRAIN_001109,S2_TRAIN_001110,S3_TRAIN_000994
S1_TRAIN_001703	S2_TRAIN_001111
S1_TRAIN_001704	S2_TRAIN_001112,S3_TRAIN_000995
S1_TRAIN_001705	S2_TRAIN_001113,S3_TRAIN_000996
S1_TRAIN_001706	S2_TRAIN_001114,S3_TRAIN_000997
S1_TRAIN_001707	S3_TRAIN_000998
S1_TRAIN_001708	S2_TRAIN_001115,S3_TRAIN_000999
S1_TRAIN_001709	S2_TRAIN_001116
S1_TRAIN_001710	S3_TRAIN_001000
S1_TRAIN_001711	S3_TRAIN_001001
S1_TRAIN_001712	
S1_TRAIN_001713	S2_TRAIN_001117
S1_TRAIN_001714	
S1_TRAIN_001715	S2_TRAIN_001118,S2_TRAIN_001119,S3_TRAIN_001002
S1_TRAIN_001716	S2_TRAIN_001120
S1_TRAIN_001717	
S1_TRAIN_001718	S3_TRAIN_001003
S1_TRAIN_001719	
S1_TRAIN_001720	S2_TRAIN_001121,S3_TRAIN_001004
S1_TRAIN_001721	
S1_TRAIN_001722	S2_TRAIN_001122,S3_TRAIN_001005
S1_TRAIN_001723	
S1_TRAIN_001724	S2_TRAIN_001123,S3_TRAIN_001006
S1_TRAIN_001725	S3_TRAIN_001007
S1_TRAIN_001726	
S1_TRAIN_001727	S2_TRAIN_001124,S2_TRAIN_001125,S3_TRAIN_001008
S1_TRAIN_001728	S2_TRAIN_001126,S2_TRAIN_001127,S3_TRAIN_001009
S1_TRAIN_001729	S2_TRAIN_001128,S3_TRAIN_001010
S1_TRAIN_001730	S2_TRAIN_001129
S1_TRAIN_001731	
S1_TRAIN_001732	S2_TRAIN_001130
S1_TRAIN_001733	S3_TRAIN_001011
S1_TRAIN_001734	S2_TRAIN_001131,S2_TRAIN_001132,S3_TRAIN_001012
S1_TRAIN_001735	
S1_TRAIN_001736	S2_TRAIN_001133
S1_TRAIN_001737	S3_TRAIN_001013
S1_TRAIN_001738	
S1_TRAIN_001739	S2_TRAIN_001134,S3_TRAIN_001014
S1_TRAIN_001740	
S1_TRAIN_001741	S3_TRAIN_001015
S1_TRAIN_001742	S2_TRAIN_001135,S2_TRAIN_001136,S3_TRAIN_001016
S1_TRAIN_001743	
S1_TRAIN_001744	S2_TRAIN_001137
S1_TRAIN_001745	S3_TRAIN_001017
S1_TRAIN_001746	S2_TRAIN_001138,S2_TRAIN_001139,S3_TRAIN_001018
S1_TRAIN_001747	
S1_TRAIN_001748	
S1_TRAIN_001749	S2_TRAIN_001140,S2_TRAIN_001141,S3_TRAIN_001019
S1_TRAIN_001750	S2_TRAIN_001142,S3_TRAIN_001020
S1_TRAIN_001751	
S1_TRAIN_001752	S3_TRAIN_001021
S1_TRAIN_001753	
S1_TRAIN_001754	S3_TRAIN_001022
S1_TRAIN_001755	S2_TRAIN_001143,S3_TRAIN_001023
S1_TRAIN_001756	S3_TRAIN_001024
S1_TRAIN_001757	
S1_TRAIN_001758	S2_TRAIN_001144
S1_TRAIN_001759	S2_TRAIN_001145
S1_TRAIN_001760	S2_TRAIN_001146
S1_TRAIN_001761	S2_TRAIN_001147
S1_TRAIN_001762	S2_TRAIN_001148,S3_TRAIN_001025
S1_TRAIN_001763	S2_TRAIN_001149
S1_TRAIN_001764	S2_TRAIN_001150
S1_TRAIN_001765	
S1_TRAIN_001766	S2_TRAIN_001151,S3_TRAIN_001026
S1_TRAIN_001767	
S1_TRAIN_001768	S3_TRAIN_001027
S1_TRAIN_001769	S2_TRAIN_001152,S2_TRAIN_001153,S3_TRAIN_001028
S1_TRAIN_001770	S2_TRAIN_001154
S1_TRAIN_001771	S2_TRAIN_001155,S3_TRAIN_001029
S1_TRAIN_001772	S2_TRAIN_001156
S1_TRAIN_001773	S2_TRAIN_001157
S1_TRAIN_001774	
S1_TRAIN_001775	
S1_TRAIN_001776	S2_TRAIN_001158,S3_TRAIN_001030
S1_TRAIN_001777	S2_TRAIN_001159
S1_TRAIN_001778	
S1_TRAIN_001779	
S1_TRAIN_001780	S3_TRAIN_001031
S1_TRAIN_001781	S2_TRAIN_001160,S3_TRAIN_001032
S1_TRAIN_001782	S3_TRAIN_001033
S1_TRAIN_001783	S2_TRAIN_001161
S1_TRAIN_001784	S3_TRAIN_001034
S1_TRAIN_001785	
S1_TRAIN_001786	S2_TRAIN_001162,S3_TRAIN_001035
S1_TRAIN_001787	S2_TRAIN_001163,S2_TRAIN_001164,S3_TRAIN_001036
S1_TRAIN_001788	S2_TRAIN_001165,S3_TRAIN_001037
S1_TRAIN_001789	S3_TRAIN_001038
S1_TRAIN_001790	S2_TRAIN_001166,S2_TRAIN_001167,S3_TRAIN_001039
S1_TRAIN_001791	S2_TRAIN_001168
S1_TRAIN_001792	S2_TRAIN_001169,S3_TRAIN_001040
S1_TRAIN_001793	S3_TRAIN_001041
S1_TRAIN_001794	S3_TRAIN_001042
S1_TRAIN_001795	S2_TRAIN_001170,S3_TRAIN_001043
S1_TRAIN_001796	
S1_TRAIN_001797	S2_TRAIN_001171
S1_TRAIN_001798	S2_TRAIN_001172,S3_TRAIN_001044
S1_TRAIN_001799	S3_TRAIN_001045
S1_TRAIN_001800	S3_TRAIN_001046
S1_TRAIN_001801	S3_TRAIN_001047
S1_TRAIN_001802	S2_TRAIN_001173
S1_TRAIN_001803	S2_TRAIN_001174
S1_TRAIN_001804	S2_TRAIN_001175
S1_TRAIN_001805	S2_TRAIN_001176,S3_TRAIN_001048
S1_TRAIN_001806	
S1_TRAIN_001807	S3_TRAIN_001049
S1_TRAIN_001808	S2_TRAIN_001177,S3_TRAIN_001050
S1_TRAIN_001809	S2_TRAIN_001178,S3_TRAIN_001051
S1_TRAIN_001810	S3_TRAIN_001052
S1_TRAIN_001811	
S1_TRAIN_001812	S2_TRAIN_001179,S3_TRAIN_001053
S1_TRAIN_001813	S2_TRAIN_001180
S1_TRAIN_001814	S3_TRAIN_001054
S1_TRAIN_001815	S2_TRAIN_001181
S1_TRAIN_001816	S2_TRAIN_001182,S3_TRAIN_001055
S1_TRAIN_001817	
S1_TRAIN_001818	S3_TRAIN_001056
S1_TRAIN_001819	S2_TRAIN_001183,S3_TRAIN_001057
S1_TRAIN_001820	
S1_TRAIN_001821	S3_TRAIN_001058
S1_TRAIN_001822	S2_TRAIN_001184,S3_TRAIN_001059
S1_TRAIN_001823	S2_TRAIN_001185,S3_TRAIN_001060
S1_TRAIN_001824	S2_TRAIN_001186,S2_TRAIN_001187,S3_TRAIN_001061
S1_TRAIN_001825	
S1_TRAIN_001826	
S1_TRAIN_001827	
S1_TRAIN_001828	S3_TRAIN_001062
S1_TRAIN_001829	S2_TRAIN_001188
S1_TRAIN_001830	S3_TRAIN_001063
S1_TRAIN_001831	S2_TRAIN_001189,S3_TRAIN_001064
S1_TRAIN_001832	S2_TRAIN_001190
S1_TRAIN_001833	
S1_TRAIN_001834	S2_TRAIN_001191
S1_TRAIN_001835	S2_TRAIN_001192
S1_TRAIN_001836	S3_TRAIN_001065
S1_TRAIN_001837	
S1_TRAIN_001838	S2_TRAIN_001193,S3_TRAIN_001066
S1_TRAIN_001839	
S1_TRAIN_001840	S2_TRAIN_001194,S3_TRAIN_001067
S1_TRAIN_001841	
S1_TRAIN_001842	
S1_TRAIN_001843	
S1_TRAIN_001844	
S1_TRAIN_001845	S2_TRAIN_001195,S3_TRAIN_001068
S1_TRAIN_001846	S2_TRAIN_001196,S3_TRAIN_001069
S1_TRAIN_001847	
S1_TRAIN_001848	S2_TRAIN_001197,S3_TRAIN_001070
S1_TRAIN_001849	S3_TRAIN_001071
S1_TRAIN_001850	S2_TRAIN_001198,S2_TRAIN_001199,S3_TRAIN_001072
S1_TRAIN_001851	S2_TRAIN_001200,S3_TRAIN_001073
S1_TRAIN_001852	
S1_TRAIN_001853	S2_TRAIN_001201,S2_TRAIN_001202,S3_TRAIN_001074
S1_TRAIN_001854	S3_TRAIN_001075
S1_TRAIN_001855	S2_TRAIN_001203,S3_TRAIN_001076
S1_TRAIN_001856	S2_TRAIN_001204
S1_TRAIN_001857	
S1_TRAIN_001858	S2_TRAIN_001205,S3_TRAIN_001077
S1_TRAIN_001859	S2_TRAIN_001206,S3_TRAIN_001078
S1_TRAIN_001860	S2_TRAIN_001207
S1_TRAIN_001861	S3_TRAIN_001079
S1_TRAIN_001862	S2_TRAIN_001208,S2_TRAIN_001209,S3_TRAIN_001080
S1_TRAIN_001863	
S1_TRAIN_001864	S2_TRAIN_001210,S3_TRAIN_001081
S1_TRAIN_001865	S2_TRAIN_001211,S3_TRAIN_001082
S1_TRAIN_001866	S3_TRAIN_001083
S1_TRAIN_001867	
S1_TRAIN_001868	S2_TRAIN_001212,S3_TRAIN_001084
S1_TRAIN_001869	S2_TRAIN_001213,S3_TRAIN_001085
S1_TRAIN_001870	
S1_TRAIN_001871	S2_TRAIN_001214
S1_TRAIN_001872	S2_TRAIN_001215
S1_TRAIN_001873	S3_TRAIN_001086
S1_TRAIN_001874	S3_TRAIN_001087
S1_TRAIN_001875	S3_TRAIN_001088
S1_TRAIN_001876	S2_TRAIN_001216
S1_TRAIN_001877	S3_TRAIN_001089
S1_TRAIN_001878	S3_TRAIN_001090
S1_TRAIN_001879	S2_TRAIN_001217
S1_TRAIN_001880	S3_TRAIN_001091
S1_TRAIN_001881	S2_TRAIN_001218,S3_TRAIN_001092
S1_TRAIN_001882	S2_TRAIN_001219,S3_TRAIN_001093
S1_TRAIN_001883	S2_TRAIN_001220,S2_TRAIN_001221,S3_TRAIN_001094
S1_TRAIN_001884	S2_TRAIN_001222,S3_TRAIN_001095
S1_TRAIN_001885	
S1_TRAIN_001886	S2_TRAIN_001223
S1_TRAIN_001887	
S1_TRAIN_001888	S2_TRAIN_001224,S3_TRAIN_001096
S1_TRAIN_001889	S2_TRAIN_001225
S1_TRAIN_001890	
S1_TRAIN_001891	S3_TRAIN_001097
S1_TRAIN_001892	S3_TRAIN_001098
S1_TRAIN_001893	S2_TRAIN_001226
S1_TRAIN_001894	
S1_TRAIN_001895	S2_TRAIN_001227
S1_TRAIN_001896	
S1_TRAIN_001897	
S1_TRAIN_001898	
S1_TRAIN_001899	S2_TRAIN_001228,S3_TRAIN_001099
S1_TRAIN_001900	
S1_TRAIN_001901	S2_TRAIN_001229,S3_TRAIN_001100
S1_TRAIN_001902	S2_TRAIN_001230
S1_TRAIN_001903	
S1_TRAIN_001904	S2_TRAIN_001231,S3_TRAIN_001101
S1_TRAIN_001905	S2_TRAIN_001232,S3_TRAIN_001102
S1_TRAIN_001906	
S1_TRAIN_001907	S3_TRAIN_001103
S1_TRAIN_001908	S3_TRAIN_001104
S1_TRAIN_001909	
S1_TRAIN_001910	S2_TRAIN_001233,S3_TRAIN_001105
S1_TRAIN_001911	S2_TRAIN_001234,S3_TRAIN_001106
S1_TRAIN_001912	
S1_TRAIN_001913	S2_TRAIN_001235,S3_TRAIN_001107
S1_TRAIN_001914	
S1_TRAIN_001915	S2_TRAIN_001236
S1_TRAIN_001916	S3_TRAIN_001108
S1_TRAIN_001917	S3_TRAIN_001109
S1_TRAIN_001918	S3_TRAIN_001110
S1_TRAIN_001919	S3_TRAIN_001111
S1_TRAIN_001920	S3_TRAIN_001112
S1_TRAIN_001921	
S1_TRAIN_001922	S2_TRAIN_001237,S3_TRAIN_001113
S1_TRAIN_001923	S2_TRAIN_001238,S3_TRAIN_001114
S1_TRAIN_001924	S2_TRAIN_001239,S3_TRAIN_001115
S1_TRAIN_001925	S3_TRAIN_001116
S1_TRAIN_001926	S2_TRAIN_001240
S1_TRAIN_001927	S3_TRAIN_001117
S1_TRAIN_001928	S2_TRAIN_001241
S1_TRAIN_001929	
S1_TRAIN_001930	S2_TRAIN_001242,S3_TRAIN_001118
S1_TRAIN_001931	S2_TRAIN_001243
S1_TRAIN_001932	S2_TRAIN_001244,S3_TRAIN_001119
S1_TRAIN_001933	S2_TRAIN_001245,S2_TRAIN_001246,S3_TRAIN_001120
S1_TRAIN_001934	S3_TRAIN_001121
S1_TRAIN_001935	S2_TRAIN_001247,S3_TRAIN_001122
S1_TRAIN_001936	S2_TRAIN_001248
S1_TRAIN_001937	S3_TRAIN_001123
S1_TRAIN_001938	S3_TRAIN_001124
S1_TRAIN_001939	S2_TRAIN_001249,S3_TRAIN_001125
S1_TRAIN_001940	S2_TRAIN_001250,S2_TRAIN_001251,S3_TRAIN_001126
S1_TRAIN_001941	S2_TRAIN_001252,S3_TRAIN_001127
S1_TRAIN_001942	S2_TRAIN_001253
S1_TRAIN_001943	
S1_TRAIN_001944	S2_TRAIN_001254,S3_TRAIN_001128
S1_TRAIN_001945	S2_TRAIN_001255
S1_TRAIN_001946	
S1_TRAIN_001947	S3_TRAIN_001129
S1_TRAIN_001948	S3_TRAIN_001130
S1_TRAIN_001949	S3_TRAIN_001131
S1_TRAIN_001950	S2_TRAIN_001256,S3_TRAIN_001132
S1_TRAIN_001951	S2_TRAIN_001257,S3_TRAIN_001133
S1_TRAIN_001952	S2_TRAIN_001258,S3_TRAIN_001134
S1_TRAIN_001953	S2_TRAIN_001259,S3_TRAIN_001135
S1_TRAIN_001954	S2_TRAIN_001260,S3_TRAIN_001136
S1_TRAIN_001955	S2_TRAIN_001261
S1_TRAIN_001956	
S1_TRAIN_001957	S2_TRAIN_001262
S1_TRAIN_001958	
S1_TRAIN_001959	S3_TRAIN_001137
S1_TRAIN_001960	S2_TRAIN_001263,S2_TRAIN_001264,S3_TRAIN_001138
S1_TRAIN_001961	S3_TRAIN_001139
S1_TRAIN_001962	S2_TRAIN_001265
S1_TRAIN_001963	S3_TRAIN_001140
S1_TRAIN_001964	S2_TRAIN_001266
S1_TRAIN_001965	S3_TRAIN_001141
S1_TRAIN_001966	S3_TRAIN_001142
S1_TRAIN_001967	S2_TRAIN_001267
S1_TRAIN_001968	S2_TRAIN_001268
S1_TRAIN_001969	
S1_TRAIN_001970	S2_TRAIN_001269,S2_TRAIN_001270,S3_TRAIN_001143
S1_TRAIN_001971	S2_TRAIN_001271,S3_TRAIN_001144
S1_TRAIN_001972	S2_TRAIN_001272,S3_TRAIN_001145
S1_TRAIN_001973	S2_TRAIN_001273
S1_TRAIN_001974	S3_TRAIN_001146
S1_TRAIN_001975	S2_TRAIN_001274
S1_TRAIN_001976	S2_TRAIN_001275,S3_TRAIN_001147
S1_TRAIN_001977	S2_TRAIN_001276
S1_TRAIN_001978	S2_TRAIN_001277,S2_TRAIN_001278,S3_TRAIN_001148
S1_TRAIN_001979	S2_TRAIN_001279
S1_TRAIN_001980	S3_TRAIN_001149
S1_TRAIN_001981	S3_TRAIN_001150
S1_TRAIN_001982	
S1_TRAIN_001983	S2_TRAIN_001280
S1_TRAIN_001984	S2_TRAIN_001281,S3_TRAIN_001151
S1_TRAIN_001985	S2_TRAIN_001282
S1_TRAIN_001986	S2_TRAIN_001283,S3_TRAIN_001152
S1_TRAIN_001987	
S1_TRAIN_001988	S3_TRAIN_001153
S1_TRAIN_001989	S2_TRAIN_001284
S1_TRAIN_001990	
S1_TRAIN_001991	S3_TRAIN_001154
S1_TRAIN_001992	
S1_TRAIN_001993	
S1_TRAIN_001994	S3_TRAIN_001155
S1_TRAIN_001995	S3_TRAIN_001156
S1_TRAIN_001996	
S1_TRAIN_001997	S2_TRAIN_001285
S1_TRAIN_001998	S2_TRAIN_001286
S1_TRAIN_001999	
S1_TRAIN_002000	S3_TRAIN_001157
S1_TRAIN_002001	S2_TRAIN_001287,S3_TRAIN_001158
S1_TRAIN_002002	S2_TRAIN_001288
S1_TRAIN_002003	S2_TRAIN_001289
S1_TRAIN_002004	S2_TRAIN_001290
S1_TRAIN_002005	S3_TRAIN_001159
S1_TRAIN_002006	
S1_TRAIN_002007	S2_TRAIN_001291,S2_TRAIN_001292,S3_TRAIN_001160
S1_TRAIN_002008	S3_TRAIN_001161
S1_TRAIN_002009	S2_TRAIN_001293
S1_TRAIN_002010	S2_TRAIN_001294
S1_TRAIN_002011	S2_TRAIN_001295
S1_TRAIN_002012	S2_TRAIN_001296,S2_TRAIN_001297,S3_TRAIN_001162
S1_TRAIN_002013	S2_TRAIN_001298
S1_TRAIN_002014	S3_TRAIN_001163
S1_TRAIN_002015	S3_TRAIN_001164
S1_TRAIN_002016	S2_TRAIN_001299
S1_TRAIN_002017	
S1_TRAIN_002018	
S1_TRAIN_002019	S2_TRAIN_001300,S3_TRAIN_001165
S1_TRAIN_002020	
S1_TRAIN_002021	S3_TRAIN_001166
S1_TRAIN_002022	
S1_TRAIN_002023	S3_TRAIN_001167
S1_TRAIN_002024	
S1_TRAIN_002025	S2_TRAIN_001301,S3_TRAIN_001168
S1_TRAIN_002026	S2_TRAIN_001302,S3_TRAIN_001169
S1_TRAIN_002027	S2_TRAIN_001303
S1_TRAIN_002028	S3_TRAIN_001170
S1_TRAIN_002029	S2_TRAIN_001304,S3_TRAIN_001171
S1_TRAIN_002030	S3_TRAIN_001172
S1_TRAIN_002031	
S1_TRAIN_002032	S3_TRAIN_001173
S1_TRAIN_002033	S3_TRAIN_001174
S1_TRAIN_002034	S3_TRAIN_001175
S1_TRAIN_002035	S2_TRAIN_001305
S1_TRAIN_002036	
S1_TRAIN_002037	S2_TRAIN_001306,S3_TRAIN_001176
S1_TRAIN_002038	S2_TRAIN_001307
S1_TRAIN_002039	S3_TRAIN_001177
S1_TRAIN_002040	
S1_TRAIN_002041	S2_TRAIN_001308
S1_TRAIN_002042	S2_TRAIN_001309,S3_TRAIN_001178
S1_TRAIN_002043	S2_TRAIN_001310,S3_TRAIN_001179
S1_TRAIN_002044	S2_TRAIN_001311
S1_TRAIN_002045	S2_TRAIN_001312
S1_TRAIN_002046	S2_TRAIN_001313,S3_TRAIN_001180
S1_TRAIN_002047	S2_TRAIN_001314
S1_TRAIN_002048	S2_TRAIN_001315
S1_TRAIN_002049	S2_TRAIN_001316
S1_TRAIN_002050	S2_TRAIN_001317,S2_TRAIN_001318,S3_TRAIN_001181
S1_TRAIN_002051	S2_TRAIN_001319,S2_TRAIN_001320,S3_TRAIN_001182
S1_TRAIN_002052	S3_TRAIN_001183
S1_TRAIN_002053	S2_TRAIN_001321
S1_TRAIN_002054	S3_TRAIN_001184
S1_TRAIN_002055	S3_TRAIN_001185
S1_TRAIN_002056	S2_TRAIN_001322,S3_TRAIN_001186
S1_TRAIN_002057	S3_TRAIN_001187
S1_TRAIN_002058	S3_TRAIN_001188
S1_TRAIN_002059	S3_TRAIN_001189
S1_TRAIN_002060	S2_TRAIN_001323,S3_TRAIN_001190
S1_TRAIN_002061	S2_TRAIN_001324,S3_TRAIN_001191
S1_TRAIN_002062	S2_TRAIN_001325
S1_TRAIN_002063	
S1_TRAIN_002064	S2_TRAIN_001326,S3_TRAIN_001192
S1_TRAIN_002065	S2_TRAIN_001327
S1_TRAIN_002066	S2_TRAIN_001328,S3_TRAIN_001193
S1_TRAIN_002067	S2_TRAIN_001329,S3_TRAIN_001194
S1_TRAIN_002068	S3_TRAIN_001195
S1_TRAIN_002069	
S1_TRAIN_002070	S2_TRAIN_001330
S1_TRAIN_002071	S2_TRAIN_001331,S3_TRAIN_001196
S1_TRAIN_002072	S2_TRAIN_001332
S1_TRAIN_002073	S2_TRAIN_001333
S1_TRAIN_002074	S3_TRAIN_001197
S1_TRAIN_002075	S2_TRAIN_001334
S1_TRAIN_002076	S3_TRAIN_001198
S1_TRAIN_002077	S3_TRAIN_001199
S1_TRAIN_002078	S2_TRAIN_001335
S1_TRAIN_002079	S3_TRAIN_001200
S1_TRAIN_002080	
S1_TRAIN_002081	S2_TRAIN_001336
S1_TRAIN_002082	
S1_TRAIN_002083	S2_TRAIN_001337,S3_TRAIN_001201
S1_TRAIN_002084	
S1_TRAIN_002085	S2_TRAIN_001338
S1_TRAIN_002086	S2_TRAIN_001339,S3_TRAIN_001202
S1_TRAIN_002087	
S1_TRAIN_002088	S3_TRAIN_001203
S1_TRAIN_002089	S2_TRAIN_001340,S3_TRAIN_001204
S1_TRAIN_002090	
S1_TRAIN_002091	S2_TRAIN_001341
S1_TRAIN_002092	S2_TRAIN_001342,S2_TRAIN_001343,S3_TRAIN_001205
S1_TRAIN_002093	S2_TRAIN_001344,S3_TRAIN_001206
S1_TRAIN_002094	S2_TRAIN_001345,S3_TRAIN_001207
S1_TRAIN_002095	S2_TRAIN_001346,S2_TRAIN_001347,S3_TRAIN_001208
S1_TRAIN_002096	S2_TRAIN_001348,S3_TRAIN_001209
S1_TRAIN_002097	S3_TRAIN_001210
S1_TRAIN_002098	
S1_TRAIN_002099	S2_TRAIN_001349
S1_TRAIN_002100	S2_TRAIN_001350,S3_TRAIN_001211
S1_TRAIN_002101	S3_TRAIN_001212
S1_TRAIN_002102	S2_TRAIN_001351
S1_TRAIN_002103	S2_TRAIN_001352
S1_TRAIN_002104	
S1_TRAIN_002105	S2_TRAIN_001353
S1_TRAIN_002106	S2_TRAIN_001354,S3_TRAIN_001213
S1_TRAIN_002107	S2_TRAIN_001355
S1_TRAIN_002108	S2_TRAIN_001356,S2_TRAIN_001357,S3_TRAIN_001214
S1_TRAIN_002109	S2_TRAIN_001358,S3_TRAIN_001215
S1_TRAIN_002110	
S1_TRAIN_002111	S2_TRAIN_001359
S1_TRAIN_002112	S3_TRAIN_001216
S1_TRAIN_002113	S2_TRAIN_001360,S3_TRAIN_001217
S1_TRAIN_002114	S2_TRAIN_001361,S2_TRAIN_001362,S3_TRAIN_001218
S1_TRAIN_002115	S2_TRAIN_001363
S1_TRAIN_002116	S2_TRAIN_001364,S3_TRAIN_001219
S1_TRAIN_002117	S2_TRAIN_001365
S1_TRAIN_002118	S2_TRAIN_001366
S1_TRAIN_002119	S2_TRAIN_001367
S1_TRAIN_002120	S2_TRAIN_001368,S3_TRAIN_001220
S1_TRAIN_002121	S2_TRAIN_001369,S3_TRAIN_001221
S1_TRAIN_002122	
S1_TRAIN_002123	S2_TRAIN_001370
S1_TRAIN_002124	
S1_TRAIN_002125	S3_TRAIN_001222
S1_TRAIN_002126	S2_TRAIN_001371,S3_TRAIN_001223
S1_TRAIN_002127	S3_TRAIN_001224
S1_TRAIN_002128	S2_TRAIN_001372,S2_TRAIN_001373,S3_TRAIN_001225
S1_TRAIN_002129	S3_TRAIN_001226
S1_TRAIN_002130	S3_TRAIN_001227
S1_TRAIN_002131	
S1_TRAIN_002132	S2_TRAIN_001374,S3_TRAIN_001228
S1_TRAIN_002133	S2_TRAIN_001375,S2_TRAIN_001376,S3_TRAIN_001229
S1_TRAIN_002134	S2_TRAIN_001377,S2_TRAIN_001378,S3_TRAIN_001230
S1_TRAIN_002135	S2_TRAIN_001379,S3_TRAIN_001231
S1_TRAIN_002136	S2_TRAIN_001380,S2_TRAIN_001381,S3_TRAIN_001232
S1_TRAIN_002137	S2_TRAIN_001382,S3_TRAIN_001233
S1_TRAIN_002138	S2_TRAIN_001383,S2_TRAIN_001384,S3_TRAIN_001234
S1_TRAIN_002139	S2_TRAIN_001385,S2_TRAIN_001386,S3_TRAIN_001235
S1_TRAIN_002140	S2_TRAIN_001387,S3_TRAIN_001236
S1_TRAIN_002141	S2_TRAIN_001388,S3_TRAIN_001237
S1_TRAIN_002142	
S1_TRAIN_002143	S2_TRAIN_001389
S1_TRAIN_002144	S2_TRAIN_001390,S2_TRAIN_001391,S3_TRAIN_001238
S1_TRAIN_002145	
S1_TRAIN_002146	S2_TRAIN_001392,S2_TRAIN_001393,S3_TRAIN_001239
S1_TRAIN_002147	
S1_TRAIN_002148	
S1_TRAIN_002149	S2_TRAIN_001394
S1_TRAIN_002150	S2_TRAIN_001395,S2_TRAIN_001396,S3_TRAIN_001240
S1_TRAIN_002151	
S1_TRAIN_002152	
S1_TRAIN_002153	S2_TRAIN_001397,S3_TRAIN_001241
S1_TRAIN_002154	S2_TRAIN_001398
S1_TRAIN_002155	S2_TRAIN_001399
S1_TRAIN_002156	S2_TRAIN_001400,S3_TRAIN_001242
S1_TRAIN_002157	S3_TRAIN_001243
S1_TRAIN_002158	S2_TRAIN_001401
S1_TRAIN_002159	S2_TRAIN_001402,S3_TRAIN_001244
S1_TRAIN_002160	S3_TRAIN_001245
S1_TRAIN_002161	S2_TRAIN_001403
S1_TRAIN_002162	S2_TRAIN_001404,S3_TRAIN_001246
S1_TRAIN_002163	
S1_TRAIN_002164	S2_TRAIN_001405
S1_TRAIN_002165	S2_TRAIN_001406,S3_TRAIN_001247
S1_TRAIN_002166	S2_TRAIN_001407,S3_TRAIN_001248
S1_TRAIN_002167	S2_TRAIN_001408
S1_TRAIN_002168	S2_TRAIN_001409
S1_TRAIN_002169	
S1_TRAIN_002170	S2_TRAIN_001410,S3_TRAIN_001249
S1_TRAIN_002171	S3_TRAIN_001250
S1_TRAIN_002172	
S1_TRAIN_002173	S3_TRAIN_001251
S1_TRAIN_002174	S2_TRAIN_001411,S2_TRAIN_001412,S3_TRAIN_001252
S1_TRAIN_002175	S2_TRAIN_001413
S1_TRAIN_002176	
S1_TRAIN_002177	S3_TRAIN_001253
S1_TRAIN_002178	S2_TRAIN_001414,S3_TRAIN_001254
S1_TRAIN_002179	S3_TRAIN_001255
S1_TRAIN_002180	S2_TRAIN_001415
S1_TRAIN_002181	S2_TRAIN_001416,S3_TRAIN_001256
S1_TRAIN_002182	S2_TRAIN_001417
S1_TRAIN_002183	S2_TRAIN_001418,S3_TRAIN_001257
S1_TRAIN_002184	
S1_TRAIN_002185	S2_TRAIN_001419,S2_TRAIN_001420,S3_TRAIN_001258
S1_TRAIN_002186	S2_TRAIN_001421,S3_TRAIN_001259
S1_TRAIN_002187	S2_TRAIN_001422,S3_TRAIN_001260
S1_TRAIN_002188	S3_TRAIN_001261
S1_TRAIN_002189	
S1_TRAIN_002190	S2_TRAIN_001423,S3_TRAIN_001262
S1_TRAIN_002191	S2_TRAIN_001424,S3_TRAIN_001263
S1_TRAIN_002192	S3_TRAIN_001264
S1_TRAIN_002193	S2_TRAIN_001425,S3_TRAIN_001265
S1_TRAIN_002194	S2_TRAIN_001426
S1_TRAIN_002195	S3_TRAIN_001266
S1_TRAIN_002196	S3_TRAIN_001267
S1_TRAIN_002197	S2_TRAIN_001427,S2_TRAIN_001428,S3_TRAIN_001268
S1_TRAIN_002198	S2_TRAIN_001429,S2_TRAIN_001430,S3_TRAIN_001269
S1_TRAIN_002199	S3_TRAIN_001270
S1_TRAIN_002200	S2_TRAIN_001431,S3_TRAIN_001271
S1_TRAIN_002201	S2_TRAIN_001432,S3_TRAIN_001272
S1_TRAIN_002202	S2_TRAIN_001433,S3_TRAIN_001273
S1_TRAIN_002203	S2_TRAIN_001434
S1_TRAIN_002204	
S1_TRAIN_002205	S3_TRAIN_001274
S1_TRAIN_002206	S2_TRAIN_001435,S2_TRAIN_001436,S3_TRAIN_001275
S1_TRAIN_002207	
S1_TRAIN_002208	S2_TRAIN_001437,S3_TRAIN_001276
S1_TRAIN_002209	S2_TRAIN_001438,S2_TRAIN_001439,S3_TRAIN_001277
S1_TRAIN_002210	S2_TRAIN_001440
S1_TRAIN_002211	S3_TRAIN_001278
S1_TRAIN_002212	S3_TRAIN_001279
S1_TRAIN_002213	
S1_TRAIN_002214	S3_TRAIN_001280
S1_TRAIN_002215	S2_TRAIN_001441,S2_TRAIN_001442,S3_TRAIN_001281
S1_TRAIN_002216	S2_TRAIN_001443
S1_TRAIN_002217	S2_TRAIN_001444
S1_TRAIN_002218	S2_TRAIN_001445
S1_TRAIN_002219	
S1_TRAIN_002220	S2_TRAIN_001446
S1_TRAIN_002221	S3_TRAIN_001282
S1_TRAIN_002222	S3_TRAIN_001283
S1_TRAIN_002223	S3_TRAIN_001284
S1_TRAIN_002224	
S1_TRAIN_002225	
S1_TRAIN_002226	
S1_TRAIN_002227	S3_TRAIN_001285
S1_TRAIN_002228	S3_TRAIN_001286
S1_TRAIN_002229	S2_TRAIN_001447,S3_TRAIN_001287
S1_TRAIN_002230	S3_TRAIN_001288
S1_TRAIN_002231	S3_TRAIN_001289
S1_TRAIN_002232	S2_TRAIN_001448
S1_TRAIN_002233	S2_TRAIN_001449,S2_TRAIN_001450,S3_TRAIN_001290
S1_TRAIN_002234	S2_TRAIN_001451
S1_TRAIN_002235	S3_TRAIN_001291
S1_TRAIN_002236	S2_TRAIN_001452,S3_TRAIN_001292
S1_TRAIN_002237	S3_TRAIN_001293
S1_TRAIN_002238	S2_TRAIN_001453,S2_TRAIN_001454,S3_TRAIN_001294
S1_TRAIN_002239	S2_TRAIN_001455
S1_TRAIN_002240	S3_TRAIN_001295
S1_TRAIN_002241	S2_TRAIN_001456,S3_TRAIN_001296
S1_TRAIN_002242	S2_TRAIN_001457,S3_TRAIN_001297
S1_TRAIN_002243	S2_TRAIN_001458,S2_TRAIN_001459,S3_TRAIN_001298
S1_TRAIN_002244	S2_TRAIN_001460,S3_TRAIN_001299
S1_TRAIN_002245	
S1_TRAIN_002246	S2_TRAIN_001461,S2_TRAIN_001462,S3_TRAIN_001300
S1_TRAIN_002247	S2_TRAIN_001463,S3_TRAIN_001301
S1_TRAIN_002248	
S1_TRAIN_002249	S2_TRAIN_001464
S1_TRAIN_002250	S2_TRAIN_001465,S3_TRAIN_001302
S1_TRAIN_002251	
S1_TRAIN_002252	S2_TRAIN_001466
S1_TRAIN_002253	S2_TRAIN_001467,S3_TRAIN_001303
S1_TRAIN_002254	S2_TRAIN_001468,S3_TRAIN_001304
S1_TRAIN_002255	S2_TRAIN_001469
S1_TRAIN_002256	S2_TRAIN_001470
S1_TRAIN_002257	S2_TRAIN_001471,S3_TRAIN_001305
S1_TRAIN_002258	S2_TRAIN_001472
S1_TRAIN_002259	S2_TRAIN_001473,S3_TRAIN_001306
S1_TRAIN_002260	S2_TRAIN_001474,S2_TRAIN_001475,S3_TRAIN_001307
S1_TRAIN_002261	S2_TRAIN_001476
S1_TRAIN_002262	S2_TRAIN_001477
S1_TRAIN_002263	S2_TRAIN_001478,S2_TRAIN_001479,S3_TRAIN_001308
S1_TRAIN_002264	S2_TRAIN_001480
S1_TRAIN_002265	S3_TRAIN_001309
S1_TRAIN_002266	S3_TRAIN_001310
S1_TRAIN_002267	S2_TRAIN_001481
S1_TRAIN_002268	S3_TRAIN_001311
S1_TRAIN_002269	
S1_TRAIN_002270	S2_TRAIN_001482,S3_TRAIN_001312
S1_TRAIN_002271	S2_TRAIN_001483,S3_TRAIN_001313
S1_TRAIN_002272	S2_TRAIN_001484
S1_TRAIN_002273	S2_TRAIN_001485,S3_TRAIN_001314
S1_TRAIN_002274	
S1_TRAIN_002275	S2_TRAIN_001486,S3_TRAIN_001315
S1_TRAIN_002276	S2_TRAIN_001487,S3_TRAIN_001316
S1_TRAIN_002277	S2_TRAIN_001488
S1_TRAIN_002278	S3_TRAIN_001317
S1_TRAIN_002279	
S1_TRAIN_002280	S2_TRAIN_001489,S3_TRAIN_001318
S1_TRAIN_002281	S2_TRAIN_001490
S1_TRAIN_002282	S2_TRAIN_001491
S1_TRAIN_002283	S2_TRAIN_001492,S2_TRAIN_001493,S3_TRAIN_001319
S1_TRAIN_002284	
S1_TRAIN_002285	S3_TRAIN_001320
S1_TRAIN_002286	S2_TRAIN_001494,S3_TRAIN_001321
S1_TRAIN_002287	S2_TRAIN_001495,S3_TRAIN_001322
S1_TRAIN_002288	
S1_TRAIN_002289	S3_TRAIN_001323
S1_TRAIN_002290	S3_TRAIN_001324
S1_TRAIN_002291	S2_TRAIN_001496
S1_TRAIN_002292	S2_TRAIN_001497,S2_TRAIN_001498,S3_TRAIN_001325
S1_TRAIN_002293	S2_TRAIN_001499
S1_TRAIN_002294	
S1_TRAIN_002295	S2_TRAIN_001500,S3_TRAIN_001326
S1_TRAIN_002296	
S1_TRAIN_002297	S2_TRAIN_001501,S3_TRAIN_001327
S1_TRAIN_002298	
S1_TRAIN_002299	
S1_TRAIN_002300	
S1_TRAIN_002301	S2_TRAIN_001502,S2_TRAIN_001503,S3_TRAIN_001328
S1_TRAIN_002302	
S1_TRAIN_002303	S2_TRAIN_001504,S3_TRAIN_001329
S1_TRAIN_002304	S2_TRAIN_001505
S1_TRAIN_002305	S2_TRAIN_001506,S3_TRAIN_001330
S1_TRAIN_002306	S2_TRAIN_001507
S1_TRAIN_002307	S2_TRAIN_001508,S3_TRAIN_001331
S1_TRAIN_002308	S2_TRAIN_001509
S1_TRAIN_002309	S2_TRAIN_001510
S1_TRAIN_002310	S2_TRAIN_001511
S1_TRAIN_002311	S3_TRAIN_001332
S1_TRAIN_002312	S2_TRAIN_001512,S2_TRAIN_001513,S3_TRAIN_001333
S1_TRAIN_002313	S2_TRAIN_001514,S3_TRAIN_001334
S1_TRAIN_002314	S2_TRAIN_001515,S3_TRAIN_001335
S1_TRAIN_002315	S2_TRAIN_001516,S3_TRAIN_001336
S1_TRAIN_002316	S2_TRAIN_001517
S1_TRAIN_002317	S2_TRAIN_001518,S3_TRAIN_001337
S1_TRAIN_002318	S2_TRAIN_001519,S3_TRAIN_001338
S1_TRAIN_002319	
S1_TRAIN_002320	
S1_TRAIN_002321	S2_TRAIN_001520
S1_TRAIN_002322	S3_TRAIN_001339
S1_TRAIN_002323	S3_TRAIN_001340
S1_TRAIN_002324	
S1_TRAIN_002325	S3_TRAIN_001341
S1_TRAIN_002326	S2_TRAIN_001521,S3_TRAIN_001342
S1_TRAIN_002327	S3_TRAIN_001343
S1_TRAIN_002328	S2_TRAIN_001522
S1_TRAIN_002329	S2_TRAIN_001523,S2_TRAIN_001524,S3_TRAIN_001344
S1_TRAIN_002330	S3_TRAIN_001345
S1_TRAIN_002331	S2_TRAIN_001525,S3_TRAIN_001346
S1_TRAIN_002332	S2_TRAIN_001526,S2_TRAIN_001527,S3_TRAIN_001347
S1_TRAIN_002333	
S1_TRAIN_002334	S3_TRAIN_001348
S1_TRAIN_002335	S2_TRAIN_001528,S2_TRAIN_001529,S3_TRAIN_001349
S1_TRAIN_002336	
S1_TRAIN_002337	S2_TRAIN_001530,S3_TRAIN_001350
S1_TRAIN_002338	S3_TRAIN_001351
S1_TRAIN_002339	S2_TRAIN_001531,S3_TRAIN_001352
S1_TRAIN_002340	S2_TRAIN_001532
S1_TRAIN_002341	S2_TRAIN_001533,S3_TRAIN_001353
S1_TRAIN_002342	S2_TRAIN_001534
S1_TRAIN_002343	S2_TRAIN_001535,S2_TRAIN_001536,S3_TRAIN_001354
S1_TRAIN_002344	S2_TRAIN_001537,S3_TRAIN_001355
S1_TRAIN_002345	S2_TRAIN_001538,S2_TRAIN_001539,S3_TRAIN_001356
S1_TRAIN_002346	S2_TRAIN_001540
S1_TRAIN_002347	S2_TRAIN_001541,S3_TRAIN_001357
S1_TRAIN_002348	S2_TRAIN_001542,S2_TRAIN_001543,S3_TRAIN_001358
S1_TRAIN_002349	S2_TRAIN_001544
S1_TRAIN_002350	S2_TRAIN_001545,S2_TRAIN_001546,S3_TRAIN_001359
S1_TRAIN_002351	S2_TRAIN_001547
S1_TRAIN_002352	S2_TRAIN_001548,S2_TRAIN_001549,S3_TRAIN_001360
S1_TRAIN_002353	
S1_TRAIN_002354	S3_TRAIN_001361
S1_TRAIN_002355	S3_TRAIN_001362
S1_TRAIN_002356	S3_TRAIN_001363
S1_TRAIN_002357	S2_TRAIN_001550
S1_TRAIN_002358	
S1_TRAIN_002359	S2_TRAIN_001551
S1_TRAIN_002360	S2_TRAIN_001552,S3_TRAIN_001364
S1_TRAIN_002361	S3_TRAIN_001365
S1_TRAIN_002362	S2_TRAIN_001553,S3_TRAIN_001366
S1_TRAIN_002363	S2_TRAIN_001554,S3_TRAIN_001367
S1_TRAIN_002364	S3_TRAIN_001368
S1_TRAIN_002365	S2_TRAIN_001555,S3_TRAIN_001369
S1_TRAIN_002366	S3_TRAIN_001370
S1_TRAIN_002367	
S1_TRAIN_002368	S3_TRAIN_001371
S1_TRAIN_002369	
S1_TRAIN_002370	
S1_TRAIN_002371	S2_TRAIN_001556
S1_TRAIN_002372	S2_TRAIN_001557,S3_TRAIN_001372
S1_TRAIN_002373	S2_TRAIN_001558,S2_TRAIN_001559,S3_TRAIN_001373
S1_TRAIN_002374	S3_TRAIN_001374
S1_TRAIN_002375	S2_TRAIN_001560,S3_TRAIN_001375
S1_TRAIN_002376	S2_TRAIN_001561,S3_TRAIN_001376
S1_TRAIN_002377	S3_TRAIN_001377
S1_TRAIN_002378	
S1_TRAIN_002379	S3_TRAIN_001378
S1_TRAIN_002380	S2_TRAIN_001562
S1_TRAIN_002381	S2_TRAIN_001563
S1_TRAIN_002382	S3_TRAIN_001379
S1_TRAIN_002383	
S1_TRAIN_002384	S2_TRAIN_001564
S1_TRAIN_002385	S2_TRAIN_001565,S3_TRAIN_001380
S1_TRAIN_002386	S3_TRAIN_001381
S1_TRAIN_002387	S3_TRAIN_001382
S1_TRAIN_002388	S2_TRAIN_001566,S3_TRAIN_001383
S1_TRAIN_002389	S2_TRAIN_001567,S3_TRAIN_001384
S1_TRAIN_002390	S2_TRAIN_001568,S3_TRAIN_001385
S1_TRAIN_002391	
S1_TRAIN_002392	S2_TRAIN_001569
S1_TRAIN_002393	S2_TRAIN_001570,S3_TRAIN_001386
S1_TRAIN_002394	S2_TRAIN_001571,S3_TRAIN_001387
S1_TRAIN_002395	S2_TRAIN_001572,S3_TRAIN_001388
S1_TRAIN_002396	
S1_TRAIN_002397	S2_TRAIN_001573
S1_TRAIN_002398	S3_TRAIN_001389
S1_TRAIN_002399	S2_TRAIN_001574,S3_TRAIN_001390
S1_TRAIN_002400	S2_TRAIN_001575,S3_TRAIN_001391
S1_TRAIN_002401	
S1_TRAIN_002402	S2_TRAIN_001576,S3_TRAIN_001392
S1_TRAIN_002403	S2_TRAIN_001577,S2_TRAIN_001578,S3_TRAIN_001393
S1_TRAIN_002404	
S1_TRAIN_002405	S2_TRAIN_001579,S2_TRAIN_001580,S3_TRAIN_001394
S1_TRAIN_002406	S2_TRAIN_001581,S3_TRAIN_001395
S1_TRAIN_002407	
S1_TRAIN_002408	S2_TRAIN_001582,S3_TRAIN_001396
S1_TRAIN_002409	S2_TRAIN_001583
S1_TRAIN_002410	
S1_TRAIN_002411	S2_TRAIN_001584
S1_TRAIN_002412	
S1_TRAIN_002413	
S1_TRAIN_002414	S2_TRAIN_001585,S3_TRAIN_001397
S1_TRAIN_002415	
S1_TRAIN_002416	S2_TRAIN_001586,S2_TRAIN_001587,S3_TRAIN_001398
S1_TRAIN_002417	S2_TRAIN_001588,S3_TRAIN_001399
S1_TRAIN_002418	S3_TRAIN_001400
S1_TRAIN_002419	S2_TRAIN_001589,S3_TRAIN_001401
S1_TRAIN_002420	S3_TRAIN_001402
S1_TRAIN_002421	S3_TRAIN_001403
S1_TRAIN_002422	S2_TRAIN_001590,S3_TRAIN_001404
S1_TRAIN_002423	
S1_TRAIN_002424	S3_TRAIN_001405
S1_TRAIN_002425	S2_TRAIN_001591,S3_TRAIN_001406
S1_TRAIN_002426	S3_TRAIN_001407
S1_TRAIN_002427	S3_TRAIN_001408
S1_TRAIN_002428	S2_TRAIN_001592,S3_TRAIN_001409
S1_TRAIN_002429	
S1_TRAIN_002430	S2_TRAIN_001593
S1_TRAIN_002431	S2_TRAIN_001594,S2_TRAIN_001595,S3_TRAIN_001410
S1_TRAIN_002432	S3_TRAIN_001411
S1_TRAIN_002433	S2_TRAIN_001596,S3_TRAIN_001412
S1_TRAIN_002434	S2_TRAIN_001597,S3_TRAIN_001413
S1_TRAIN_002435	S3_TRAIN_001414
S1_TRAIN_002436	S3_TRAIN_001415
S1_TRAIN_002437	S2_TRAIN_001598
S1_TRAIN_002438	S3_TRAIN_001416
S1_TRAIN_002439	S3_TRAIN_001417
S1_TRAIN_002440	S2_TRAIN_001599
S1_TRAIN_002441	S2_TRAIN_001600
S1_TRAIN_002442	
S1_TRAIN_002443	
S1_TRAIN_002444	S3_TRAIN_001418
S1_TRAIN_002445	S3_TRAIN_001419
S1_TRAIN_002446	S3_TRAIN_001420
S1_TRAIN_002447	
S1_TRAIN_002448	S3_TRAIN_001421
S1_TRAIN_002449	S2_TRAIN_001601
S1_TRAIN_002450	S2_TRAIN_001602,S2_TRAIN_001603,S3_TRAIN_001422
S1_TRAIN_002451	S2_TRAIN_001604,S3_TRAIN_001423
S1_TRAIN_002452	S2_TRAIN_001605,S3_TRAIN_001424
S1_TRAIN_002453	S2_TRAIN_001606,S2_TRAIN_001607,S3_TRAIN_001425
S1_TRAIN_002454	S2_TRAIN_001608,S3_TRAIN_001426
S1_TRAIN_002455	S2_TRAIN_001609
S1_TRAIN_002456	S2_TRAIN_001610,S3_TRAIN_001427
S1_TRAIN_002457	S3_TRAIN_001428
S1_TRAIN_002458	S2_TRAIN_001611,S2_TRAIN_001612,S3_TRAIN_001429
S1_TRAIN_002459	S2_TRAIN_001613
S1_TRAIN_002460	
S1_TRAIN_002461	S2_TRAIN_001614,S2_TRAIN_001615,S3_TRAIN_001430
S1_TRAIN_002462	
S1_TRAIN_002463	
S1_TRAIN_002464	S3_TRAIN_001431
S1_TRAIN_002465	S2_TRAIN_001616,S3_TRAIN_001432
S1_TRAIN_002466	S3_TRAIN_001433
S1_TRAIN_002467	S3_TRAIN_001434
S1_TRAIN_002468	S2_TRAIN_001617
S1_TRAIN_002469	S2_TRAIN_001618,S3_TRAIN_001435
S1_TRAIN_002470	S2_TRAIN_001619
S1_TRAIN_002471	S3_TRAIN_001436
S1_TRAIN_002472	S3_TRAIN_001437
S1_TRAIN_002473	
S1_TRAIN_002474	S2_TRAIN_001620,S3_TRAIN_001438
S1_TRAIN_002475	
S1_TRAIN_002476	S2_TRAIN_001621,S3_TRAIN_001439
S1_TRAIN_002477	S3_TRAIN_001440
S1_TRAIN_002478	S3_TRAIN_001441
S1_TRAIN_002479	S3_TRAIN_001442
S1_TRAIN_002480	S3_TRAIN_001443
S1_TRAIN_002481	S2_TRAIN_001622,S3_TRAIN_001444
S1_TRAIN_002482	S3_TRAIN_001445
S1_TRAIN_002483	
S1_TRAIN_002484	S3_TRAIN_001446
S1_TRAIN_002485	S2_TRAIN_001623,S3_TRAIN_001447
S1_TRAIN_002486	S2_TRAIN_001624,S2_TRAIN_001625,S3_TRAIN_001448
S1_TRAIN_002487	
S1_TRAIN_002488	S2_TRAIN_001626,S3_TRAIN_001449
S1_TRAIN_002489	S2_TRAIN_001627,S2_TRAIN_001628,S3_TRAIN_001450
S1_TRAIN_002490	S2_TRAIN_001629
S1_TRAIN_002491	
S1_TRAIN_002492	S2_TRAIN_001630
S1_TRAIN_002493	
S1_TRAIN_002494	
S1_TRAIN_002495	S2_TRAIN_001631,S2_TRAIN_001632,S3_TRAIN_001451
S1_TRAIN_002496	S3_TRAIN_001452
S1_TRAIN_002497	
S1_TRAIN_002498	S3_TRAIN_001453
S1_TRAIN_002499	
S1_TRAIN_002500	S3_TRAIN_001454
